task,method,budget_fraction,n_cases,score_mean,score_median,actual_retained_fraction_mean,actual_retained_fraction_n,prefix_tokens_mean,prefix_tokens_n,compressed_kv_tensor_bytes_mean,compressed_kv_tensor_bytes_n,full_kv_tensor_bytes_mean,full_kv_tensor_bytes_n,kv_bytes_after_generation_mean,kv_bytes_after_generation_n,kv_tensor_byte_ratio_mean,kv_tensor_byte_ratio_n,prefill_s_mean,prefill_s_n,key_transfer_s_mean,key_transfer_s_n,score_s_mean,score_s_n,selection_and_compaction_s_mean,selection_and_compaction_s_n,compression_overhead_s_mean,compression_overhead_s_n,suffix_ttft_s_mean,suffix_ttft_s_n,decode_s_mean,decode_s_n,decode_tokens_per_s_mean,decode_tokens_per_s_n,generation_s_mean,generation_s_n,generated_tokens_mean,generated_tokens_n,estimated_single_method_total_s_mean,estimated_single_method_total_s_n,needle_token_retention_mean,needle_token_retention_n,process_rss_bytes_mean,process_rss_bytes_n,mlx_peak_bytes_shared_harness_mean,mlx_peak_bytes_shared_harness_n
niah_multi,full,1.0,18,1.0,1.0,1.0,18,18858.666666666668,18,1081431381.3333333,18,1081431381.3333333,18,1083954517.3333333,18,1.0,18,15.657392018608839,18,0.0,18,0.0,18,2.474304993585166e-05,18,2.474304993585166e-05,18,0.1135429815589709,18,0.26408746527805405,18,61.60641993410838,18,0.37763044683702496,18,15.0,18,16.0350472084958,18,1.0,18,7034038044.444445,18,6775072913.333333,18
niah_multi,keydiff,0.1,18,0.9722222222222222,1.0,0.099956213470628,18,18858.666666666668,18,108112554.66666667,18,1081431381.3333333,18,110635690.66666667,18,0.099956213470628,18,15.657392018608839,18,0.03638483771808549,18,0.5497269143314851,18,0.13991887277613083,18,0.7260306248257015,18,0.03698669677315694,18,0.14409441666632322,18,104.44384816170198,18,0.18108111343948016,18,15.0,18,16.56450375687402,18,0.5412892512077295,18,7035238627.555555,18,6774996070.222222,18
niah_multi,keydiff,0.2,18,1.0,1.0,0.19997509761884602,18,18858.666666666668,18,216263338.66666666,18,1081431381.3333333,18,218786474.66666666,18,0.19997509761884602,18,15.657392018608839,18,0.03638483771808549,18,0.5497269143314851,18,0.1458940671081008,18,0.7320058191576714,18,0.04647993994553366,18,0.1566424908879627,18,96.55275664319787,18,0.20312243083349635,18,15.0,18,16.59252026860001,18,0.6684566942719116,18,7033163320.888889,18,6774939109.777778,18
niah_multi,keydiff,0.5,18,1.0,1.0,0.5,18,18858.666666666668,18,540715690.6666666,18,1081431381.3333333,18,543238826.6666666,18,0.5,18,15.657392018608839,18,0.03638483771808549,18,0.5497269143314851,18,0.1578726921143243,18,0.7439844441638949,18,0.06921063689191619,18,0.1908314768904044,18,80.88837928917032,18,0.26004211378232056,18,15.0,18,16.661418576555054,18,0.8576496721877158,18,7033128732.444445,18,6774877214.666667,18
niah_multi,knorm,0.1,18,0.0,0.0,0.099956213470628,18,18858.666666666668,18,108112554.66666667,18,1081431381.3333333,18,110364899.55555555,18,0.099956213470628,18,15.657392018608839,18,0.03638483771808549,18,0.13726894449953558,18,0.14232427322551505,18,0.3159780554431361,18,0.036981296279312424,18,0.0971817614998953,18,104.73029092394763,18,0.13416305777920773,18,10.333333333333334,18,16.107533131831183,18,0.4864993098688751,18,7034084465.777778,18,6774996070.222222,18
niah_multi,knorm,0.2,18,0.0,0.0,0.19997509761884602,18,18858.666666666668,18,216263338.66666666,18,1081431381.3333333,18,218732316.44444445,18,0.19997509761884602,18,15.657392018608839,18,0.03638483771808549,18,0.13726894449953558,18,0.146877611165918,18,0.3205313933835391,18,0.045713562502189435,18,0.14697027777826102,18,97.06618147340802,18,0.19268384028045046,18,14.166666666666666,18,16.17060725227283,18,0.6292054865424431,18,7036156131.555555,18,6774996070.222222,18
niah_multi,knorm,0.5,18,0.05555555555555555,0.0,0.5,18,18858.666666666668,18,540715690.6666666,18,1081431381.3333333,18,543050865.7777778,18,0.5,18,15.657392018608839,18,0.03638483771808549,18,0.13726894449953558,18,0.16246594905613973,18,0.3361197312737608,18,0.06987530094597282,18,0.15053451161010242,18,80.44139940002431,18,0.22040981255607525,18,11.722222222222221,18,16.213921562438674,18,0.8302277432712215,18,7031946353.777778,18,6774996070.222222,18
niah_multi,leverage,0.1,18,0.9444444444444444,1.0,0.099956213470628,18,18858.666666666668,18,108112554.66666667,18,1081431381.3333333,18,110629319.1111111,18,0.099956213470628,18,15.657392018608839,18,0.03638483771808549,18,0.8288979351701629,18,0.1474720670537661,18,1.0127548399420145,18,0.03950749771805325,18,0.14341060405422468,18,104.24345961872092,18,0.18291810177227794,18,14.88888888888889,18,16.85306496032313,18,0.4788000345065563,18,7031422976.0,18,6774934175.111111,18
niah_multi,leverage,0.2,18,1.0,1.0,0.19997509761884602,18,18858.666666666668,18,216263338.66666666,18,1081431381.3333333,18,218786474.66666666,18,0.19997509761884602,18,15.657392018608839,18,0.03638483771808549,18,0.8288979351701629,18,0.14986950932911391,18,1.0151522822173622,18,0.04460600688697822,18,0.15636562039273688,18,96.77267501065018,18,0.2009716272797151,18,15.0,18,16.873515928105917,18,0.6329041580400276,18,7033045902.222222,18,6774877214.666667,18
niah_multi,leverage,0.5,18,1.0,1.0,0.5,18,18858.666666666668,18,540715690.6666666,18,1081431381.3333333,18,543238826.6666666,18,0.5,18,15.657392018608839,18,0.03638483771808549,18,0.8288979351701629,18,0.163168953612007,18,1.0284517265002553,18,0.0688802106694008,18,0.1906894790574572,18,80.94858327849342,18,0.259569689726858,18,15.0,18,16.945413434835952,18,0.8492926155969633,18,7033410901.333333,18,6774934175.111111,18
niah_multi,random,0.1,18,0.0,0.0,0.099956213470628,18,18858.666666666668,18,108112554.66666667,18,1081431381.3333333,18,110415872.0,18,0.099956213470628,18,15.657392018608839,18,0.03638483771808549,18,0.027900115779225923,18,0.14665697923111212,18,0.21094193272842354,18,0.037203055499250896,18,0.10868459022539254,18,103.86249061320072,18,0.14588764572464344,18,11.277777777777779,18,16.014221597061905,18,0.09733005521048999,18,7032175729.777778,18,6774934175.111111,18
niah_multi,random,0.2,18,0.0,0.0,0.19997509761884602,18,18858.666666666668,18,216263338.66666666,18,1081431381.3333333,18,218659043.55555555,18,0.19997509761884602,18,15.657392018608839,18,0.03638483771808549,18,0.027900115779225923,18,0.1503945926136415,18,0.21467954611095288,18,0.04508321761548157,18,0.13378531244557557,18,96.28120226809386,18,0.17886853006105716,18,12.777777777777779,18,16.05094009478085,18,0.19847739820565907,18,7033480078.222222,18,6774934175.111111,18
niah_multi,random,0.5,18,0.16666666666666666,0.0,0.5,18,18858.666666666668,18,540715690.6666666,18,1081431381.3333333,18,543222897.7777778,18,0.5,18,15.657392018608839,18,0.03638483771808549,18,0.027900115779225923,18,0.16565739104731214,18,0.22994234454462356,18,0.06909812027717838,18,0.18631669905638168,18,80.56035210553495,18,0.25541481933356003,18,14.722222222222221,18,16.142749182487023,18,0.49969806763285024,18,7033495552.0,18,6775000622.222222,18
niah_multi,snapkv,0.1,18,0.0,0.0,0.099956213470628,18,18858.666666666668,18,108112554.66666667,18,1081431381.3333333,18,110285255.1111111,18,0.099956213470628,18,15.657392018608839,18,0.0,18,0.0706575369501176,18,0.12861644655640703,18,0.19927398350652462,18,0.03707498139152045,18,0.0866547130006236,18,104.27185891997895,18,0.12372969439214405,18,8.88888888888889,18,15.980395696507507,18,0.24939613526570048,18,7035303253.333333,18,6774877214.666667,18
niah_multi,snapkv,0.2,18,0.1111111111111111,0.0,0.19997509761884602,18,18858.666666666668,18,216263338.66666666,18,1081431381.3333333,18,218582584.8888889,18,0.19997509761884602,18,15.657392018608839,18,0.0,18,0.0706575369501176,18,0.13372328233769318,18,0.2043808192878108,18,0.045241071781169415,18,0.120408636608368,18,96.50613789191286,18,0.1656497083895374,18,11.444444444444445,18,16.02742254628619,18,0.4255736714975845,18,7035233166.222222,18,6774996070.222222,18
niah_multi,snapkv,0.5,18,0.2777777777777778,0.0,0.5,18,18858.666666666668,18,540715690.6666666,18,1081431381.3333333,18,543155996.4444444,18,0.5,18,15.657392018608839,18,0.0,18,0.0706575369501176,18,0.14620075916334624,18,0.21685829611346386,18,0.0683321898896894,18,0.1713953565033282,18,80.89944956514442,18,0.2397275463930176,18,13.555555555555555,18,16.11397786111532,18,0.7572895100069013,18,7035749262.222222,18,6775062517.333333,18
niah_multi,streaming,0.1,18,0.0,0.0,0.099956213470628,18,18858.666666666668,18,108112554.66666667,18,1081431381.3333333,18,110250211.55555555,18,0.099956213470628,18,15.657392018608839,18,0.0,18,6.713865635295709e-07,18,0.02131784949678048,18,0.02131852088334401,18,0.037717983833216645,18,0.08014063655476396,18,104.43605125260258,18,0.11785862038798062,18,8.277777777777779,18,15.796569159880164,18,0.0217391304347826,18,7035564487.111111,18,6775006466.222222,18
niah_multi,streaming,0.2,18,0.3333333333333333,0.5,0.19997509761884602,18,18858.666666666668,18,216263338.66666666,18,1081431381.3333333,18,218630371.55555555,18,0.19997509761884602,18,15.657392018608839,18,0.0,18,6.713865635295709e-07,18,0.022056141221481893,18,0.02205681260804542,18,0.04452926861186926,18,0.12828830333374855,18,96.49628249509307,18,0.1728175719456178,18,12.277777777777779,18,15.852266403162503,18,0.3333333333333333,18,7034470400.0,18,6774996070.222222,18
niah_multi,streaming,0.5,18,0.5,0.5,0.5,18,18858.666666666668,18,540715690.6666666,18,1081431381.3333333,18,543238826.6666666,18,0.5,18,15.657392018608839,18,0.0,18,6.713865635295709e-07,18,0.025043006941106997,18,0.02504367832767053,18,0.06830721988808364,18,0.1911023193857141,18,80.87948157075633,18,0.25940953927379773,18,15.0,18,15.941845236210307,18,0.5,18,7034008007.111111,18,6774996070.222222,18
niah_multi,svdd,0.1,18,0.1388888888888889,0.0,0.099956213470628,18,18858.666666666668,18,108112554.66666667,18,1081431381.3333333,18,110578346.66666667,18,0.099956213470628,18,15.657392018608839,18,0.03638483771808549,18,5.252869106447583,18,0.061646696670019686,18,5.350900640835688,18,0.03703525227643291,18,0.134365293945949,18,104.48852964514136,18,0.1714005462223819,18,14.0,18,21.179693205666908,18,0.26202337819185645,18,7034670648.888889,18,6774944571.111111,18
niah_multi,svdd,0.2,18,0.4166666666666667,0.5,0.19997509761884602,18,18858.666666666668,18,216263338.66666666,18,1081431381.3333333,18,218783288.8888889,18,0.19997509761884602,18,15.657392018608839,18,0.03638483771808549,18,5.252869106447583,18,0.06707873138818993,18,5.356332675553858,18,0.045858337834943086,18,0.1552552846632251,18,96.81149944566896,18,0.2011136224981682,18,14.944444444444445,18,21.214838316660867,18,0.35337948585231194,18,7036483811.555555,18,6775005556.888889,18
niah_multi,svdd,0.5,18,0.6666666666666666,0.5,0.5,18,18858.666666666668,18,540715690.6666666,18,1081431381.3333333,18,543229269.3333334,18,0.5,18,15.657392018608839,18,0.03638483771808549,18,5.252869106447583,18,0.08417997438583472,18,5.373433918551503,18,0.06826317600239741,18,0.18849637494551846,18,80.91153460815615,18,0.25675955094791586,18,14.833333333333334,18,21.28758548810826,18,0.6791752933057281,18,7034723441.777778,18,6774877214.666667,18
niah_multi,svdd_prerope,0.1,18,0.1388888888888889,0.0,0.099956213470628,18,18858.666666666668,18,108112554.66666667,18,1081431381.3333333,18,110632504.8888889,18,0.099956213470628,18,15.657392018608839,18,0.03638483771808549,18,5.551876805607915,18,0.060359289497783825,18,5.648620932823785,18,0.03775867822373079,18,0.14229727317676102,18,105.24321502359577,18,0.18005595140049183,18,14.944444444444445,18,21.486068902833114,18,0.3083484299516908,18,7032385080.888889,18,6774934175.111111,18
niah_multi,svdd_prerope,0.2,18,0.3611111111111111,0.5,0.19997509761884602,18,18858.666666666668,18,216263338.66666666,18,1081431381.3333333,18,218780103.1111111,18,0.19997509761884602,18,15.657392018608839,18,0.03638483771808549,18,5.551876805607915,18,0.06711309494049703,18,5.655374738266498,18,0.04585846755233231,18,0.15489269444434386,18,96.8818749933271,18,0.20075116199667617,18,14.88888888888889,18,21.51351791887201,18,0.40961438923395443,18,7029983004.444445,18,6774934175.111111,18
niah_multi,svdd_prerope,0.5,18,0.6111111111111112,0.5,0.5,18,18858.666666666668,18,540715690.6666666,18,1081431381.3333333,18,543238826.6666666,18,0.5,18,15.657392018608839,18,0.03638483771808549,18,5.551876805607915,18,0.08179727077691092,18,5.670058914102912,18,0.06825343521874554,18,0.19082649544321206,18,81.07917575934412,18,0.2590799306619576,18,15.0,18,21.58653086337371,18,0.7041925465838509,18,7034726172.444445,18,6774939109.777778,18
niah_single,full,1.0,18,1.0,1.0,1.0,18,18858.666666666668,18,1081431381.3333333,18,1081431381.3333333,18,1083209045.3333333,18,1.0,18,15.646083018335048,18,0.0,18,0.0,18,2.4004439991484913e-05,18,2.4004439991484913e-05,18,0.11203990522254673,18,0.1233337385039906,18,62.41099810728599,18,0.23537364372653732,18,7.0,18,15.881480666501577,18,1.0,18,6990661404.444445,18,6773909117.333333,18
niah_single,keydiff,0.1,18,1.0,1.0,0.099956213470628,18,18858.666666666668,18,108112554.66666667,18,1081431381.3333333,18,109915704.8888889,18,0.099956213470628,18,15.646083018335048,18,0.04295523611492374,18,0.5520907685066858,18,0.13886871988910976,18,0.7339147245107193,18,0.036912815001819074,18,0.07087476378041578,18,105.15169568570043,18,0.10778757878223486,18,7.444444444444445,18,16.487785321628003,18,0.5571514837819186,18,6990046094.222222,18,6745342696.888889,18
niah_single,keydiff,0.2,18,1.0,1.0,0.19997509761884602,18,18858.666666666668,18,216263338.66666666,18,1081431381.3333333,18,218041002.66666666,18,0.19997509761884602,18,15.646083018335048,18,0.04295523611492374,18,0.5520907685066858,18,0.14370008794260988,18,0.7387460925642194,18,0.04519022450161477,18,0.07259729872425345,18,97.15501864239695,18,0.11778752322586822,18,7.0,18,16.502616634125136,18,0.674344375431332,18,6988254776.888889,18,6640756904.888889,18
niah_single,keydiff,0.5,18,1.0,1.0,0.5,18,18858.666666666668,18,540715690.6666666,18,1081431381.3333333,18,542493354.6666666,18,0.5,18,15.646083018335048,18,0.04295523611492374,18,0.5520907685066858,18,0.16012432178184907,18,0.7551703264034586,18,0.06786904860928189,18,0.08861741905598643,18,81.08983002971237,18,0.1564864676652683,18,7.0,18,16.557739812403774,18,0.8428442028985507,18,6989843114.666667,18,6734258842.222222,18
niah_single,knorm,0.1,18,0.0,0.0,0.099956213470628,18,18858.666666666668,18,108112554.66666667,18,1081431381.3333333,18,110470030.22222222,18,0.099956213470628,18,15.646083018335048,18,0.04295523611492374,18,0.14003660427503442,18,0.14350490038244365,18,0.3264967407724018,18,0.037672981332030356,18,0.16342318517045998,18,105.14838237406697,18,0.20109616650249032,18,17.444444444444443,18,16.173675925609942,18,0.5215665976535542,18,6986433422.222222,18,6680116516.888889,18
niah_single,knorm,0.2,18,0.0,0.0,0.19997509761884602,18,18858.666666666668,18,216263338.66666666,18,1081431381.3333333,18,218811960.8888889,18,0.19997509761884602,18,15.646083018335048,18,0.04295523611492374,18,0.14003660427503442,18,0.14600059950155103,18,0.32899243989150917,18,0.04440263650030829,18,0.2134751065006842,18,97.20256420899823,18,0.2578777430009925,18,20.944444444444443,18,16.23295320122755,18,0.6499956866804693,18,6991162026.666667,18,6773909117.333333,18
niah_single,knorm,0.5,18,0.05555555555555555,0.0,0.5,18,18858.666666666668,18,540715690.6666666,18,1081431381.3333333,18,543191040.0,18,0.5,18,15.646083018335048,18,0.04295523611492374,18,0.14003660427503442,18,0.16038608355544662,18,0.3433779239454048,18,0.0678272500048883,18,0.24264907405853997,18,81.08327688418447,18,0.3104763240634283,18,19.666666666666668,18,16.299937266343882,18,0.837711352657005,18,6989308814.222222,18,6734258842.222222,18
niah_single,leverage,0.1,18,1.0,1.0,0.099956213470628,18,18858.666666666668,18,108112554.66666667,18,1081431381.3333333,18,109890218.66666667,18,0.099956213470628,18,15.646083018335048,18,0.04295523611492374,18,0.8325076896694049,18,0.14543248389155553,18,1.0208954096758842,18,0.03835615738353226,18,0.06681340039035098,18,105.02429511861902,18,0.10516955777388325,18,7.0,18,16.772147985784816,18,0.47880003450655617,18,6989840384.0,18,6762825262.666667,18
niah_single,leverage,0.2,18,1.0,1.0,0.19997509761884602,18,18858.666666666668,18,216263338.66666666,18,1081431381.3333333,18,218041002.66666666,18,0.19997509761884602,18,15.646083018335048,18,0.04295523611492374,18,0.8325076896694049,18,0.14961498605488385,18,1.0250779118392126,18,0.04628987727887256,18,0.07280769444413535,18,96.74624537085701,18,0.1190975717230079,18,7.0,18,16.79025850189727,18,0.6323110766045548,18,6989533639.111111,18,6734258842.222222,18
niah_single,leverage,0.5,18,1.0,1.0,0.5,18,18858.666666666668,18,540715690.6666666,18,1081431381.3333333,18,542493354.6666666,18,0.5,18,15.646083018335048,18,0.04295523611492374,18,0.8325076896694049,18,0.16326640966387154,18,1.0387293354482001,18,0.06798311333275503,18,0.08857041427755677,18,81.26605105196589,18,0.1565535276103118,18,7.0,18,16.84136588139356,18,0.8491200828157349,18,6988837319.111111,18,6707397010.666667,18
niah_single,random,0.1,18,0.0,0.0,0.099956213470628,18,18858.666666666668,18,108112554.66666667,18,1081431381.3333333,18,110011278.22222222,18,0.099956213470628,18,15.646083018335048,18,0.04295523611492374,18,0.028053368000352446,18,0.14665256244350328,18,0.21766116655877946,18,0.03763572460512579,18,0.08689933566751683,18,104.86053317957534,18,0.12453506027264262,18,9.277777777777779,18,15.98827924516647,18,0.09883971704623878,18,6989377080.888889,18,6718480865.333333,18
niah_single,random,0.2,18,0.0,0.0,0.19997509761884602,18,18858.666666666668,18,216263338.66666666,18,1081431381.3333333,18,218171619.55555555,18,0.19997509761884602,18,15.646083018335048,18,0.04295523611492374,18,0.028053368000352446,18,0.14976238889115243,18,0.2207709930064286,18,0.04426086111440478,18,0.0983291504445434,18,96.9453027604171,18,0.14259001155894818,18,9.38888888888889,18,16.009444022900425,18,0.1992106625258799,18,6990432028.444445,18,6707397010.666667,18
niah_single,random,0.5,18,0.16666666666666666,0.0,0.5,18,18858.666666666668,18,540715690.6666666,18,1081431381.3333333,18,542983964.4444444,18,0.5,18,15.646083018335048,18,0.04295523611492374,18,0.028053368000352446,18,0.1641863936141211,18,0.23519499772939728,18,0.0684720138298063,18,0.1945141297215337,18,81.15074505032969,18,0.26298614355134003,18,15.88888888888889,18,16.144264159615787,18,0.4980590062111801,18,6989747541.333333,18,6734258842.222222,18
niah_single,snapkv,0.1,18,0.0,0.0,0.099956213470628,18,18858.666666666668,18,108112554.66666667,18,1081431381.3333333,18,110218353.77777778,18,0.099956213470628,18,15.646083018335048,18,0.0,18,0.06990741905853308,18,0.12807262033068886,18,0.19798003938922193,18,0.03685217583875379,18,0.12199895843999305,18,104.95115911804402,18,0.15885113427874684,18,13.0,18,16.00291419200302,18,0.3019323671497584,18,6990019697.777778,18,6734258842.222222,18
niah_single,snapkv,0.2,18,0.05555555555555555,0.0,0.19997509761884602,18,18858.666666666668,18,216263338.66666666,18,1081431381.3333333,18,218321351.1111111,18,0.19997509761884602,18,15.646083018335048,18,0.0,18,0.06990741905853308,18,0.1326813749425734,18,0.2025887940011065,18,0.044333118114284135,18,0.12081953955445594,18,96.95300245139252,18,0.16515265766874007,18,12.11111111111111,18,16.013824470004895,18,0.4834799861973775,18,6986953159.111111,18,6745342696.888889,18
niah_single,snapkv,0.5,18,0.4444444444444444,0.0,0.5,18,18858.666666666668,18,540715690.6666666,18,1081431381.3333333,18,542932992.0,18,0.5,18,15.646083018335048,18,0.0,18,0.06990741905853308,18,0.14643895833352064,18,0.2163463773920537,18,0.06788996750159033,18,0.17560986339069334,18,81.2556838841861,18,0.24349983089228366,18,15.0,18,16.105929226619384,18,0.805879054520359,18,6990667776.0,18,6773909117.333333,18
niah_single,streaming,0.1,18,0.0,0.0,0.099956213470628,18,18858.666666666668,18,108112554.66666667,18,1081431381.3333333,18,110004906.66666667,18,0.099956213470628,18,15.646083018335048,18,0.0,18,6.550043407413694e-07,18,0.02188669917005528,18,0.021887354174396023,18,0.0380273772817519,18,0.08768408350038549,18,104.94263027849026,18,0.12571146078213738,18,9.166666666666666,18,15.793681833291581,18,0.009661835748792267,18,6987935288.888889,18,6725232166.666667,18
niah_single,streaming,0.2,18,0.3333333333333333,0.0,0.19997509761884602,18,18858.666666666668,18,216263338.66666666,18,1081431381.3333333,18,218264007.1111111,18,0.19997509761884602,18,15.646083018335048,18,0.0,18,6.550043407413694e-07,18,0.022871418996752862,18,0.022872074001093604,18,0.04495220855460502,18,0.11602145600287865,18,96.82428534779044,18,0.16097366455748366,18,11.11111111111111,18,15.829928756893626,18,0.3333333333333333,18,6988940174.222222,18,6773909117.333333,18
niah_single,streaming,0.5,18,0.6666666666666666,1.0,0.5,18,18858.666666666668,18,540715690.6666666,18,1081431381.3333333,18,542869276.4444444,18,0.5,18,15.646083018335048,18,0.0,18,6.550043407413694e-07,18,0.02464870833177378,18,0.024649363336114522,18,0.06786973593989387,18,0.1749691945555646,18,81.20638491913279,18,0.24283893049545846,18,13.833333333333334,18,15.91357131216662,18,0.6666666666666666,18,6989692017.777778,18,6762825262.666667,18
niah_single,svdd,0.1,18,0.0,0.0,0.099956213470628,18,18858.666666666668,18,108112554.66666667,18,1081431381.3333333,18,110167381.33333333,18,0.099956213470628,18,15.646083018335048,18,0.04295523611492374,18,5.288949576332622,18,0.061279775442219235,18,5.393184587889765,18,0.03687406705608333,18,0.11317683555535041,18,104.97263321166857,18,0.15005090261143372,18,11.944444444444445,18,21.189318508836248,18,0.2639967218771566,18,6991074645.333333,18,6678830590.222222,18
niah_single,svdd,0.2,18,0.2222222222222222,0.0,0.19997509761884602,18,18858.666666666668,18,216263338.66666666,18,1081431381.3333333,18,218267192.8888889,18,0.19997509761884602,18,15.646083018335048,18,0.04295523611492374,18,5.288949576332622,18,0.06985333794727921,18,5.401758150394825,18,0.045111148168669186,18,0.11206155311245108,18,96.97024576648602,18,0.15717270128112026,18,11.11111111111111,18,21.205013870010994,18,0.35910541752933056,18,6983601720.888889,18,6707397010.666667,18
niah_single,svdd,0.5,18,0.5,0.5,0.5,18,18858.666666666668,18,540715690.6666666,18,1081431381.3333333,18,542620785.7777778,18,0.5,18,15.646083018335048,18,0.04295523611492374,18,5.288949576332622,18,0.08380923360851335,18,5.415714046056059,18,0.0683333703345852,18,0.1133019561125871,18,81.23085468150296,18,0.18163532644717229,18,9.277777777777779,18,21.24343239083828,18,0.5754615251897861,18,6990674147.555555,18,6689914444.888889,18
niah_single,svdd_prerope,0.1,18,0.05555555555555555,0.0,0.099956213470628,18,18858.666666666668,18,108112554.66666667,18,1081431381.3333333,18,109960305.77777778,18,0.099956213470628,18,15.646083018335048,18,0.04295523611492374,18,5.55104677328038,18,0.06080046988790855,18,5.6548024792832114,18,0.037321854390837766,18,0.07790902788918982,18,104.95486334682784,18,0.11523088228002759,18,8.277777777777779,18,21.416116379898288,18,0.3123706004140787,18,6987781461.333333,18,6640466241.777778,18
niah_single,svdd_prerope,0.2,18,0.2222222222222222,0.0,0.19997509761884602,18,18858.666666666668,18,216263338.66666666,18,1081431381.3333333,18,218270378.66666666,18,0.19997509761884602,18,15.646083018335048,18,0.04295523611492374,18,5.55104677328038,18,0.06519737021719468,18,5.659199379612498,18,0.04430575688699415,18,0.11295347461257027,18,97.29327482034427,18,0.15725923149956442,18,11.166666666666666,18,21.46254162944711,18,0.4152432712215321,18,6988613404.444445,18,6745342696.888889,18
niah_single,svdd_prerope,0.5,18,0.4444444444444444,0.0,0.5,18,18858.666666666668,18,540715690.6666666,18,1081431381.3333333,18,542764145.7777778,18,0.5,18,15.646083018335048,18,0.04295523611492374,18,5.55104677328038,18,0.08271979172584704,18,5.67672180112115,18,0.0690441067239994,18,0.14679203694039542,18,81.25431514907126,18,0.21583614366439483,18,11.88888888888889,18,21.538640963120592,18,0.6143461007591443,18,6989631943.111111,18,6707397010.666667,18
passage_retrieval_en,full,1.0,6,1.0,1.0,1.0,6,12695.0,6,727982080.0,6,727982080.0,6,738724522.6666666,6,1.0,6,9.016132145668962,6,0.0,6,0.0,6,2.5867833755910397e-05,6,2.5867833755910397e-05,6,0.20981823599140625,6,0.04544165300224753,6,69.991971046311,6,0.25525988899365376,6,3.1666666666666665,6,9.271417902496372,6,,0,7566712832.0,6,8451790048.0,6
passage_retrieval_en,keydiff,0.1,6,0.16666666666666666,0.0,0.09995842330759269,6,12695.0,6,72769536.0,6,727982080.0,6,83540650.66666667,6,0.09995842330759269,6,9.016132145668962,6,0.026427319341261562,6,0.37012731966387946,6,0.0903547428266999,6,0.4869093818318409,6,0.14556771516799927,6,0.034692750006797723,6,105.76710848443103,6,0.180260465174797,6,3.6666666666666665,6,9.6833019926756,6,,0,7566043818.666667,6,8451790048.0,6
passage_retrieval_en,keydiff,0.2,6,0.8333333333333334,1.0,0.19995929215490796,6,12695.0,6,145567744.0,6,727982080.0,6,156310186.66666666,6,0.19995929215490796,6,9.016132145668962,6,0.026427319341261562,6,0.37012731966387946,6,0.093024951502836,6,0.489579590507977,6,0.15188816649606451,6,0.03175225682692447,6,99.74628198436601,6,0.183640423322989,6,3.1666666666666665,6,9.689352159499927,6,,0,7566731946.666667,6,8451790048.0,6
passage_retrieval_en,keydiff,0.5,6,1.0,1.0,0.4999720961323007,6,12695.0,6,363971925.3333333,6,727982080.0,6,374714368.0,6,0.4999720961323007,6,9.016132145668962,6,0.026427319341261562,6,0.37012731966387946,6,0.10467944449434678,6,0.5012340834994878,6,0.17495928516048784,6,0.036960729169853344,6,85.86787354176626,6,0.21192001433034116,6,3.1666666666666665,6,9.729286243498791,6,,0,7565494954.666667,6,8451790048.0,6
passage_retrieval_en,knorm,0.1,6,0.16666666666666666,0.0,0.09995842330759269,6,12695.0,6,72769536.0,6,727982080.0,6,84190549.33333333,6,0.09995842330759269,6,9.016132145668962,6,0.026427319341261562,6,0.09242497250185504,6,0.09169337500255399,6,0.21054566684567058,6,0.1459412361679521,6,0.14054752100006832,6,106.72875021336256,6,0.2864887571680204,6,16.0,6,9.513166569682653,6,,0,7566333269.333333,6,8451790048.0,6
passage_retrieval_en,knorm,0.2,6,0.0,0.0,0.19995929215490796,6,12695.0,6,145567744.0,6,727982080.0,6,156644693.33333334,6,0.19995929215490796,6,9.016132145668962,6,0.026427319341261562,6,0.09242497250185504,6,0.09568108333041891,6,0.21453337517353552,6,0.15318190983574217,6,0.089435263677539,6,100.14531700863814,6,0.24261717351328116,6,9.5,6,9.47328269435578,6,,0,7565486762.666667,6,8451790048.0,6
passage_retrieval_en,knorm,0.5,6,0.5,0.5,0.4999720961323007,6,12695.0,6,363971925.3333333,6,727982080.0,6,374704810.6666667,6,0.4999720961323007,6,9.016132145668962,6,0.026427319341261562,6,0.09242497250185504,6,0.10307893050291266,6,0.22193122234602924,6,0.17302565266921496,6,0.034669791833342366,6,86.57240680341415,6,0.2076954445025573,6,3.0,6,9.445758812517548,6,,0,7566611797.333333,6,8451790048.0,6
passage_retrieval_en,leverage,0.1,6,0.6666666666666666,1.0,0.09995842330759269,6,12695.0,6,72769536.0,6,727982080.0,6,83511978.66666667,6,0.09995842330759269,6,9.016132145668962,6,0.026427319341261562,6,0.5584686458363043,6,0.09264675016553763,6,0.6775427153431034,6,0.14557045133066518,6,0.030072034666469943,6,105.32292235989654,6,0.17564248599713514,6,3.1666666666666665,6,9.8693173470092,6,,0,7566346922.666667,6,8451790048.0,6
passage_retrieval_en,leverage,0.2,6,0.8333333333333334,1.0,0.19995929215490796,6,12695.0,6,145567744.0,6,727982080.0,6,156310186.66666666,6,0.19995929215490796,6,9.016132145668962,6,0.026427319341261562,6,0.5584686458363043,6,0.09545367367293996,6,0.6803496388505058,6,0.15242866649835682,6,0.031691923330072314,6,100.01886618724046,6,0.18412058982842913,6,3.1666666666666665,6,9.880602374347896,6,,0,7566710101.333333,6,8451790048.0,6
passage_retrieval_en,leverage,0.5,6,1.0,1.0,0.4999720961323007,6,12695.0,6,363971925.3333333,6,727982080.0,6,374714368.0,6,0.4999720961323007,6,9.016132145668962,6,0.026427319341261562,6,0.5584686458363043,6,0.10568083316805617,6,0.690576798345622,6,0.17324256233405322,6,0.0367450348373192,6,86.39360478519048,6,0.20998759717137241,6,3.1666666666666665,6,9.916696541185956,6,,0,7566420650.666667,6,8451790048.0,6
passage_retrieval_en,random,0.1,6,0.16666666666666666,0.0,0.09995842330759269,6,12695.0,6,72769536.0,6,727982080.0,6,84190549.33333333,6,0.09995842330759269,6,9.016132145668962,6,0.026427319341261562,6,0.018760375164371606,6,0.097545021000163,6,0.14273271550579616,6,0.1457932291571827,6,0.14103635416540783,6,106.35970869171958,6,0.2868295833225905,6,16.0,6,9.445694444497349,6,,0,7565852672.0,6,8451790048.0,6
passage_retrieval_en,random,0.2,6,0.16666666666666666,0.0,0.19995929215490796,6,12695.0,6,145567744.0,6,727982080.0,6,156816725.33333334,6,0.19995929215490796,6,9.016132145668962,6,0.026427319341261562,6,0.018760375164371606,6,0.09590413899180324,6,0.1410918334974364,6,0.1519439098337898,6,0.11984420150110964,6,100.5577250733545,6,0.27178811133489944,6,12.666666666666666,6,9.429012090501297,6,,0,7566628181.333333,6,8451790048.0,6
passage_retrieval_en,random,0.5,6,0.8333333333333334,1.0,0.4999720961323007,6,12695.0,6,363971925.3333333,6,727982080.0,6,374723925.3333333,6,0.4999720961323007,6,9.016132145668962,6,0.026427319341261562,6,0.018760375164371606,6,0.10619324983175223,6,0.1513809443373854,6,0.1756057914996442,6,0.039057555492036045,6,85.47987048628318,6,0.21466334699168024,6,3.3333333333333335,6,9.382176436998028,6,,0,7566079317.333333,6,8451790048.0,6
passage_retrieval_en,snapkv,0.1,6,0.5,0.5,0.09995842330759269,6,12695.0,6,72769536.0,6,727982080.0,6,83636224.0,6,0.09995842330759269,6,9.016132145668962,6,0.0,6,0.05495407633134164,6,0.08249142349814065,6,0.1374454998294823,6,0.14743034032774935,6,0.05071556949890995,6,104.83438161894793,6,0.19814590982665928,6,5.5,6,9.351723555325103,6,,0,7565314730.666667,6,8451790048.0,6
passage_retrieval_en,snapkv,0.2,6,0.8333333333333334,1.0,0.19995929215490796,6,12695.0,6,145567744.0,6,727982080.0,6,156424874.66666666,6,0.19995929215490796,6,9.016132145668962,6,0.0,6,0.05495407633134164,6,0.08550828482839279,6,0.14046236115973443,6,0.15392009032560358,6,0.05141829182684887,6,99.7257929298936,6,0.20533838215245245,6,5.333333333333333,6,9.36193288898115,6,,0,7565342037.333333,6,8451790048.0,6
passage_retrieval_en,snapkv,0.5,6,1.0,1.0,0.4999720961323007,6,12695.0,6,363971925.3333333,6,727982080.0,6,374714368.0,6,0.4999720961323007,6,9.016132145668962,6,0.0,6,0.05495407633134164,6,0.0949011806709071,6,0.14985525700224875,6,0.17314219467031458,6,0.03682542349270079,6,86.15576956632641,6,0.20996761816301537,6,3.1666666666666665,6,9.375955020834226,6,,0,7565787136.0,6,8451790048.0,6
passage_retrieval_en,streaming,0.1,6,0.0,0.0,0.09995842330759269,6,12695.0,6,72769536.0,6,727982080.0,6,84190549.33333333,6,0.09995842330759269,6,9.016132145668962,6,0.0,6,5.761636809135476e-07,6,0.016090687500157703,6,0.016091263663838618,6,0.14721638899936806,6,0.14198695832844047,6,105.69250794583824,6,0.28920334732780856,6,16.0,6,9.321426756660609,6,,0,7565088085.333333,6,8451790048.0,6
passage_retrieval_en,streaming,0.2,6,0.0,0.0,0.19995929215490796,6,12695.0,6,145567744.0,6,727982080.0,6,156988757.33333334,6,0.19995929215490796,6,9.016132145668962,6,0.0,6,5.761636809135476e-07,6,0.016132729176509503,6,0.016133305340190418,6,0.15208318049068717,6,0.14947877067121831,6,100.36133173382346,6,0.3015619511619055,6,16.0,6,9.333827402171059,6,,0,7565205504.0,6,8451790048.0,6
passage_retrieval_en,streaming,0.5,6,0.0,0.0,0.4999720961323007,6,12695.0,6,363971925.3333333,6,727982080.0,6,375392938.6666667,6,0.4999720961323007,6,9.016132145668962,6,0.0,6,5.761636809135476e-07,6,0.01601225016929675,6,0.016012826332977664,6,0.17302029900019988,6,0.1731626043280509,6,86.67197631086229,6,0.3461829033282508,6,16.0,6,9.378327875330191,6,,0,7566723754.666667,6,8451790048.0,6
passage_retrieval_en,svdd,0.1,6,0.16666666666666666,0.0,0.09995842330759269,6,12695.0,6,72769536.0,6,727982080.0,6,83846485.33333333,6,0.09995842330759269,6,9.016132145668962,6,0.026427319341261562,6,3.6278698401680836,6,0.04121048616070766,6,3.695507645670053,6,0.1456071734961976,6,0.08483057650058375,6,106.23330887664433,6,0.23043774999678135,6,9.5,6,12.942077541335797,6,,0,7566734677.333333,6,8451790048.0,6
passage_retrieval_en,svdd,0.2,6,0.6666666666666666,1.0,0.19995929215490796,6,12695.0,6,145567744.0,6,727982080.0,6,156310186.66666666,6,0.19995929215490796,6,9.016132145668962,6,0.026427319341261562,6,3.6278698401680836,6,0.04434033350844402,6,3.6986374930177894,6,0.1520059999990432,6,0.031557930502458476,6,100.4574432282382,6,0.1835639305015017,6,3.1666666666666665,6,12.898333569188253,6,,0,7565243733.333333,6,8451790048.0,6
passage_retrieval_en,svdd,0.5,6,1.0,1.0,0.4999720961323007,6,12695.0,6,363971925.3333333,6,727982080.0,6,374714368.0,6,0.4999720961323007,6,9.016132145668962,6,0.026427319341261562,6,3.6278698401680836,6,0.054431305499747396,6,3.708728465009093,6,0.17281390266725793,6,0.03655908316432033,6,86.85029454683054,6,0.20937298583157826,6,3.1666666666666665,6,12.934233596509634,6,,0,7566729216.0,6,8451790048.0,6
passage_retrieval_en,svdd_prerope,0.1,6,0.5,0.5,0.09995842330759269,6,12695.0,6,72769536.0,6,727982080.0,6,83703125.33333333,6,0.09995842330759269,6,9.016132145668962,6,0.026427319341261562,6,3.7985681388381636,6,0.04023879883364619,6,3.8652342570130713,6,0.1454635416594101,6,0.06132228483814591,6,105.77110926334308,6,0.20678582649755603,6,6.666666666666667,6,13.08815222917959,6,,0,7565533184.0,6,8451790048.0,6
passage_retrieval_en,svdd_prerope,0.2,6,0.8333333333333334,1.0,0.19995929215490796,6,12695.0,6,145567744.0,6,727982080.0,6,156310186.66666666,6,0.19995929215490796,6,9.016132145668962,6,0.026427319341261562,6,3.7985681388381636,6,0.04350649332627654,6,3.8685019515057015,6,0.1521136181690963,6,0.031745069335253596,6,99.9337780063808,6,0.1838586875043499,6,3.1666666666666665,6,13.068492784679014,6,,0,7566731946.666667,6,8451790048.0,6
passage_retrieval_en,svdd_prerope,0.5,6,1.0,1.0,0.4999720961323007,6,12695.0,6,363971925.3333333,6,727982080.0,6,374714368.0,6,0.4999720961323007,6,9.016132145668962,6,0.026427319341261562,6,3.7985681388381636,6,0.05376784699425722,6,3.8787633051736825,6,0.17293315949791577,6,0.03659200698893983,6,86.76415085280824,6,0.2095251664868556,6,3.1666666666666665,6,13.1044206173295,6,,0,7566737408.0,6,8451790048.0,6
