task,nominal_length,method,budget_fraction,n_cases,score_mean,score_median,actual_retained_fraction_mean,actual_retained_fraction_n,prefix_tokens_mean,prefix_tokens_n,compressed_kv_tensor_bytes_mean,compressed_kv_tensor_bytes_n,full_kv_tensor_bytes_mean,full_kv_tensor_bytes_n,kv_bytes_after_generation_mean,kv_bytes_after_generation_n,kv_tensor_byte_ratio_mean,kv_tensor_byte_ratio_n,prefill_s_mean,prefill_s_n,key_transfer_s_mean,key_transfer_s_n,score_s_mean,score_s_n,selection_and_compaction_s_mean,selection_and_compaction_s_n,compression_overhead_s_mean,compression_overhead_s_n,suffix_ttft_s_mean,suffix_ttft_s_n,decode_s_mean,decode_s_n,decode_tokens_per_s_mean,decode_tokens_per_s_n,generation_s_mean,generation_s_n,generated_tokens_mean,generated_tokens_n,estimated_single_method_total_s_mean,estimated_single_method_total_s_n,needle_token_retention_mean,needle_token_retention_n,process_rss_bytes_mean,process_rss_bytes_n,mlx_peak_bytes_shared_harness_mean,mlx_peak_bytes_shared_harness_n
niah_multi,16384,full,1.0,6,1.0,1.0,1.0,6,16128.0,6,924844032.0,6,924844032.0,6,927367168.0,6,1.0,6,11.97607655566632,6,0.0,6,0.0,6,2.5208491327551503e-05,6,2.5208491327551503e-05,6,0.09818709716879918,6,0.240173444331352,6,62.46206293918724,6,0.33836054150015116,6,15.0,6,12.314462305657798,6,1.0,6,6740672512.0,6,6459847420.0,6
niah_multi,16384,keydiff,0.1,6,1.0,1.0,0.09995039682539685,6,16128.0,6,92438528.0,6,924844032.0,6,94961664.0,6,0.09995039682539685,6,11.97607655566632,6,0.027433096989019152,6,0.4709494026707641,6,0.11547365967029084,6,0.6138561593300741,6,0.035961520659232825,6,0.14198393050173763,6,105.64930745740436,6,0.17794545116097046,6,15.0,6,12.767878166157365,6,0.540243271221532,6,6741281450.666667,6,6459816232.0,6
niah_multi,16384,keydiff,0.2,6,1.0,1.0,0.19996279761904764,6,16128.0,6,184934400.0,6,924844032.0,6,187457536.0,6,0.19996279761904764,6,11.97607655566632,6,0.027433096989019152,6,0.4709494026707641,6,0.1203147985021739,6,0.6186972981619571,6,0.042593298838861905,6,0.1526433543379729,6,98.2732079910811,6,0.1952366531768348,6,15.0,6,12.790010507005112,6,0.6644668737060041,6,6741751125.333333,6,6459645350.666667,6
niah_multi,16384,keydiff,0.5,6,1.0,1.0,0.5,6,16128.0,6,462422016.0,6,924844032.0,6,464945152.0,6,0.5,6,11.97607655566632,6,0.027433096989019152,6,0.4709494026707641,6,0.13100965266736844,6,0.6293921523271516,6,0.06237663900052818,6,0.1805405069947786,6,83.08558698729792,6,0.24291714599530678,6,15.0,6,12.848385853988779,6,0.8525815217391304,6,6742177109.333333,6,6459645350.666667,6
niah_multi,16384,knorm,0.1,6,0.0,0.0,0.09995039682539685,6,16128.0,6,92438528.0,6,924844032.0,6,94617600.0,6,0.09995039682539685,6,11.97607655566632,6,0.027433096989019152,6,0.11749133333311572,6,0.11738957633982257,6,0.2623140066619574,6,0.03607232649907625,6,0.08593294449868456,6,104.58148020924166,6,0.12200527099776082,6,9.0,6,12.360395833326038,6,0.4780667701863354,6,6742786048.0,6,6459816232.0,6
niah_multi,16384,knorm,0.2,6,0.0,0.0,0.19996279761904764,6,16128.0,6,184934400.0,6,924844032.0,6,187447978.66666666,6,0.19996279761904764,6,11.97607655566632,6,0.027433096989019152,6,0.11749133333311572,6,0.12268384033814073,6,0.2676082706602756,6,0.0440417500018763,6,0.15029652766922177,6,98.63891832495277,6,0.1943382776710981,6,14.833333333333334,6,12.438023103997693,6,0.6190152691511387,6,6741742933.333333,6,6459816232.0,6
niah_multi,16384,knorm,0.5,6,0.08333333333333333,0.0,0.5,6,16128.0,6,462422016.0,6,924844032.0,6,464792234.6666667,6,0.5,6,11.97607655566632,6,0.027433096989019152,6,0.11749133333311572,6,0.13403067350251754,6,0.27895510382465244,6,0.062218826332051926,6,0.1489032153331209,6,82.77975690403754,6,0.21112204166517282,6,12.333333333333334,6,12.466153701156145,6,0.8248576604554866,6,6741977770.666667,6,6459816232.0,6
niah_multi,16384,leverage,0.1,6,1.0,1.0,0.09995039682539685,6,16128.0,6,92438528.0,6,924844032.0,6,94961664.0,6,0.09995039682539685,6,11.97607655566632,6,0.027433096989019152,6,0.7079778541713798,6,0.1227653609967092,6,0.8581763121571081,6,0.04001869432977401,6,0.14260153484065086,6,105.1943877503896,6,0.18262022917042486,6,15.0,6,13.016873096993853,6,0.4710144927536231,6,6738747392.0,6,6459816232.0,6
niah_multi,16384,leverage,0.2,6,1.0,1.0,0.19996279761904764,6,16128.0,6,184934400.0,6,924844032.0,6,187457536.0,6,0.19996279761904764,6,11.97607655566632,6,0.027433096989019152,6,0.7079778541713798,6,0.12342009716182172,6,0.8588310483222207,6,0.042451416496381476,6,0.15188989583596899,6,98.7569624564134,6,0.19434131233235044,6,15.0,6,13.02924891632089,6,0.6275232919254659,6,6740713472.0,6,6459645350.666667,6
niah_multi,16384,leverage,0.5,6,1.0,1.0,0.5,6,16128.0,6,462422016.0,6,924844032.0,6,464945152.0,6,0.5,6,11.97607655566632,6,0.027433096989019152,6,0.7079778541713798,6,0.13445596516733835,6,0.8698669163277373,6,0.062113479332765564,6,0.18039629832977275,6,83.15052607663803,6,0.2425097776625383,6,15.0,6,13.088453249656595,6,0.8478260869565218,6,6742799701.333333,6,6459816232.0,6
niah_multi,16384,random,0.1,6,0.0,0.0,0.09995039682539685,6,16128.0,6,92438528.0,6,924844032.0,6,94588928.0,6,0.09995039682539685,6,11.97607655566632,6,0.027433096989019152,6,0.023999124828454416,6,0.12048808367399033,6,0.1719203054914639,6,0.035972368171011716,6,0.08057934717119981,6,105.44618932643861,6,0.11655171534221154,6,8.5,6,12.264548576499996,6,0.09711438923395445,6,6742253568.0,6,6459816232.0,6
niah_multi,16384,random,0.2,6,0.0,0.0,0.19996279761904764,6,16128.0,6,184934400.0,6,924844032.0,6,187323733.33333334,6,0.19996279761904764,6,11.97607655566632,6,0.027433096989019152,6,0.023999124828454416,6,0.12386253483418841,6,0.17529475665166197,6,0.042544521173113026,6,0.12822561799839605,6,98.80511094471525,6,0.17077013917150907,6,12.666666666666666,6,12.322141451489491,6,0.1986607142857143,6,6742791509.333333,6,6459816232.0,6
niah_multi,16384,random,0.5,6,0.16666666666666666,0.0,0.5,6,16128.0,6,462422016.0,6,924844032.0,6,465012053.3333333,6,0.5,6,11.97607655566632,6,0.027433096989019152,6,0.023999124828454416,6,0.13509414565730063,6,0.18652636747477422,6,0.06219831933170402,6,0.1944221388354587,6,83.14868537588667,6,0.2566204581671627,6,16.166666666666668,6,12.419223381308257,6,0.5013263457556936,6,6742485674.666667,6,6459816232.0,6
niah_multi,16384,snapkv,0.1,6,0.0,0.0,0.09995039682539685,6,16128.0,6,92438528.0,6,924844032.0,6,94588928.0,6,0.09995039682539685,6,11.97607655566632,6,0.0,6,0.06108224300745254,6,0.10664925683037534,6,0.16773149983782787,6,0.03612304866934816,6,0.08055079166175953,6,105.57712309341002,6,0.11667384033110768,6,8.5,6,12.260481895835255,6,0.29888069358178054,6,6742786048.0,6,6459645350.666667,6
niah_multi,16384,snapkv,0.2,6,0.0,0.0,0.19996279761904764,6,16128.0,6,184934400.0,6,924844032.0,6,187266389.33333334,6,0.19996279761904764,6,11.97607655566632,6,0.0,6,0.06108224300745254,6,0.11206343750624607,6,0.1731456805136986,6,0.044429430500410184,6,0.11843940983332384,6,98.66784321147777,6,0.16286884033373403,6,11.666666666666666,6,12.312091076513752,6,0.48333980331262943,6,6742040576.0,6,6459816232.0,6
niah_multi,16384,snapkv,0.5,6,0.25,0.25,0.5,6,16128.0,6,462422016.0,6,924844032.0,6,464801792.0,6,0.5,6,11.97607655566632,6,0.0,6,0.06108224300745254,6,0.12160684715975852,6,0.18268909016721105,6,0.062066013997537084,6,0.15035307650396135,6,83.164051967776,6,0.21241909050149843,6,12.5,6,12.37118473633503,6,0.7875905797101449,6,6741955925.333333,6,6459816232.0,6
niah_multi,16384,streaming,0.1,6,0.0,0.0,0.09995039682539685,6,16128.0,6,92438528.0,6,924844032.0,6,94541141.33333333,6,0.09995039682539685,6,11.97607655566632,6,0.0,6,6.251648301258683e-07,6,0.018610242991902243,6,0.01861086815673237,6,0.036000402998373225,6,0.07282761767176756,6,105.38543760211145,6,0.10882802067014079,6,7.666666666666667,6,12.103515444493192,6,0.021739130434782605,6,6742791509.333333,6,6459847420.0,6
niah_multi,16384,streaming,0.2,6,0.3333333333333333,0.5,0.19996279761904764,6,16128.0,6,184934400.0,6,924844032.0,6,187295061.33333334,6,0.19996279761904764,6,11.97607655566632,6,0.0,6,6.251648301258683e-07,6,0.01908477782853879,6,0.019085402993368916,6,0.042349736327499464,6,0.12358302100134703,6,98.33663950778919,6,0.1659327573288465,6,12.166666666666666,6,12.161094715988535,6,0.3333333333333333,6,6742791509.333333,6,6459816232.0,6
niah_multi,16384,streaming,0.5,6,0.5,0.5,0.5,6,16128.0,6,462422016.0,6,924844032.0,6,464954709.3333333,6,0.5,6,11.97607655566632,6,0.0,6,6.251648301258683e-07,6,0.021001110993286904,6,0.02100173615811703,6,0.062124257000202,6,0.18247339566005394,6,83.12756578905989,6,0.24459765266025593,6,15.166666666666666,6,12.241675944484692,6,0.5,6,6742190762.666667,6,6459816232.0,6
niah_multi,16384,svdd,0.1,6,0.16666666666666666,0.0,0.09995039682539685,6,16128.0,6,92438528.0,6,924844032.0,6,94952106.66666667,6,0.09995039682539685,6,11.97607655566632,6,0.027433096989019152,6,4.549050548846329,6,0.05305297217273619,6,4.629536618008085,6,0.036182923499533594,6,0.14056792350796363,6,105.53044602426927,6,0.1767508470074972,6,14.833333333333334,6,16.7823640206819,6,0.2710274327122153,6,6741811200.0,6,6459847420.0,6
niah_multi,16384,svdd,0.2,6,0.3333333333333333,0.5,0.19996279761904764,6,16128.0,6,184934400.0,6,924844032.0,6,187467093.33333334,6,0.19996279761904764,6,11.97607655566632,6,0.027433096989019152,6,4.549050548846329,6,0.058540944160389095,6,4.635024589995737,6,0.044496923330977246,6,0.15448036799110318,6,98.17808121960445,6,0.19897729132208042,6,15.166666666666666,6,16.81007843698414,6,0.36212474120082816,6,6742043306.666667,6,6459645350.666667,6
niah_multi,16384,svdd,0.5,6,0.6666666666666666,0.5,0.5,6,16128.0,6,462422016.0,6,924844032.0,6,464926037.3333333,6,0.5,6,11.97607655566632,6,0.027433096989019152,6,4.549050548846329,6,0.07221593750000466,6,4.648699583335353,6,0.061986222164705396,6,0.176773902499311,6,82.97331220848321,6,0.2387601246640164,6,14.666666666666666,6,16.86353626366569,6,0.6815476190476192,6,6741114880.0,6,6459645350.666667,6
niah_multi,16384,svdd_prerope,0.1,6,0.16666666666666666,0.0,0.09995039682539685,6,16128.0,6,92438528.0,6,924844032.0,6,94961664.0,6,0.09995039682539685,6,11.97607655566632,6,0.027433096989019152,6,4.770797999827967,6,0.05228573632969832,6,4.850516833146685,6,0.03760486116516404,6,0.14216831934269672,6,105.51106406716536,6,0.17977318050786076,6,15.0,6,17.006366569320864,6,0.32560170807453415,6,6740847274.666667,6,6459816232.0,6
niah_multi,16384,svdd_prerope,0.2,6,0.25,0.25,0.19996279761904764,6,16128.0,6,184934400.0,6,924844032.0,6,187467093.33333334,6,0.19996279761904764,6,11.97607655566632,6,0.027433096989019152,6,4.770797999827967,6,0.05474152783184157,6,4.852972624648828,6,0.04224425683302494,6,0.1530645276652649,6,99.08495172677107,6,0.19530878449828984,6,15.166666666666666,6,17.024357964813436,6,0.4254981884057971,6,6742480213.333333,6,6459816232.0,6
niah_multi,16384,svdd_prerope,0.5,6,0.5833333333333334,0.5,0.5,6,16128.0,6,462422016.0,6,924844032.0,6,464926037.3333333,6,0.5,6,11.97607655566632,6,0.027433096989019152,6,4.770797999827967,6,0.06928455550708652,6,4.867515652324073,6,0.06207006250042468,6,0.17647845133130127,6,83.12112330711436,6,0.23854851383172596,6,14.666666666666666,6,17.082140721822118,6,0.7075569358178054,6,6741652821.333333,6,6459645350.666667,6
niah_multi,32768,full,1.0,6,1.0,1.0,1.0,6,32512.0,6,1864368128.0,6,1864368128.0,6,1866891264.0,6,1.0,6,29.76603475016115,6,0.0,6,0.0,6,2.3847154807299376e-05,6,2.3847154807299376e-05,6,0.1807479655011169,6,0.3682500210076493,6,40.76058197322569,6,0.5489979865087662,6,15.0,6,30.315056583824724,6,1.0,6,8881400490.666666,6,8451790048.0,6
niah_multi,32768,keydiff,0.1,6,0.9166666666666666,1.0,0.09999384842519686,6,32512.0,6,186425344.0,6,1864368128.0,6,188948480.0,6,0.09999384842519686,6,29.76603475016115,6,0.06436034683914234,6,0.9472657361620804,6,0.25096670849598013,6,1.2625927914972028,6,0.042539902831777,6,0.15438509050485058,6,97.31719100281093,6,0.19692499333662758,6,15.0,6,31.22555253499498,6,0.553603778467909,6,8883991893.333334,6,8451790048.0,6
niah_multi,32768,keydiff,0.2,6,1.0,1.0,0.19998769685039372,6,32512.0,6,372850688.0,6,1864368128.0,6,375373824.0,6,0.19998769685039372,6,29.76603475016115,6,0.06436034683914234,6,0.9472657361620804,6,0.261890458491204,6,1.2735165414924268,6,0.05760881249928692,6,0.1754907223318393,6,85.5945260257738,6,0.23309953483112622,6,15.0,6,31.272650826484703,6,0.672457298136646,6,8878129152.0,6,8451790048.0,6
niah_multi,32768,keydiff,0.5,6,1.0,1.0,0.5,6,32512.0,6,932184064.0,6,1864368128.0,6,934707200.0,6,0.5,6,29.76603475016115,6,0.06436034683914234,6,0.9472657361620804,6,0.282557215342725,6,1.2941832983439479,6,0.099776576666045,6,0.2353618473377234,6,63.78772044004646,6,0.3351384240037684,6,15.0,6,31.395356472508865,6,0.8654244306418218,6,8876173994.666666,6,8451604362.666667,6
niah_multi,32768,knorm,0.1,6,0.0,0.0,0.09999384842519686,6,32512.0,6,186425344.0,6,1864368128.0,6,188527957.33333334,6,0.09999384842519686,6,29.76603475016115,6,0.06436034683914234,6,0.2366425143312275,6,0.2547031668315564,6,0.5557060280019263,6,0.04233817349692496,6,0.07745722201070748,6,98.94568676050726,6,0.11979539550763245,6,7.666666666666667,6,30.44153617367071,6,0.5426048136645963,6,8878874624.0,6,8451790048.0,6
niah_multi,32768,knorm,0.2,6,0.0,0.0,0.19998769685039372,6,32512.0,6,372850688.0,6,1864368128.0,6,375412053.3333333,6,0.19998769685039372,6,29.76603475016115,6,0.06436034683914234,6,0.2366425143312275,6,0.26252359733431757,6,0.5635264585046874,6,0.05769913200250206,6,0.18009609749909336,6,86.95920531064057,6,0.2377952295015954,6,16.0,6,30.567356438167433,6,0.6750129399585921,6,8886575104.0,6,8451790048.0,6
niah_multi,32768,knorm,0.5,6,0.08333333333333333,0.0,0.5,6,32512.0,6,932184064.0,6,1864368128.0,6,934516053.3333334,6,0.5,6,29.76603475016115,6,0.06436034683914234,6,0.2366425143312275,6,0.2926864028365041,6,0.5936892640068739,6,0.10225233333767392,6,0.18583553466305602,6,62.91053116674954,6,0.28808786800072994,6,11.666666666666666,6,30.647811882168753,6,0.8535520186335402,6,8872550400.0,6,8451790048.0,6
niah_multi,32768,leverage,0.1,6,1.0,1.0,0.09999384842519686,6,32512.0,6,186425344.0,6,1864368128.0,6,188948480.0,6,0.09999384842519686,6,29.76603475016115,6,0.06436034683914234,6,1.4321063820049555,6,0.26412406232460245,6,1.7605907911687002,6,0.044225437658800125,6,0.15495332598705622,6,96.96394308709517,6,0.19917876364585632,6,15.0,6,31.725804304975707,6,0.5258152173913043,6,8875480405.333334,6,8451604362.666667,6
niah_multi,32768,leverage,0.2,6,1.0,1.0,0.19998769685039372,6,32512.0,6,372850688.0,6,1864368128.0,6,375373824.0,6,0.19998769685039372,6,29.76603475016115,6,0.06436034683914234,6,1.4321063820049555,6,0.2685473819922966,6,1.7650141108363944,6,0.05576664567342959,6,0.17592398601118475,6,85.38710215957353,6,0.23169063168461435,6,15.0,6,31.762739492682158,6,0.6677018633540373,6,8878445909.333334,6,8451604362.666667,6
niah_multi,32768,leverage,0.5,6,1.0,1.0,0.5,6,32512.0,6,932184064.0,6,1864368128.0,6,934707200.0,6,0.5,6,29.76603475016115,6,0.06436034683914234,6,1.4321063820049555,6,0.29285376383146894,6,1.7893204926755668,6,0.09926477767294273,6,0.23520736816863064,6,63.82157164499481,6,0.33447214584157337,6,15.0,6,31.889827388678288,6,0.8610248447204968,6,8877107882.666666,6,8451604362.666667,6
niah_multi,32768,random,0.1,6,0.0,0.0,0.09999384842519686,6,32512.0,6,186425344.0,6,1864368128.0,6,188977152.0,6,0.09999384842519686,6,29.76603475016115,6,0.06436034683914234,6,0.04800913900544401,6,0.26440690267675865,6,0.37677638852134504,6,0.0429182568283674,6,0.1595302985078888,6,95.56329195109578,6,0.2024485553362562,6,15.833333333333334,6,30.34525969401875,6,0.09743788819875776,6,8873243989.333334,6,8451604362.666667,6
niah_multi,32768,random,0.2,6,0.0,0.0,0.19998769685039372,6,32512.0,6,372850688.0,6,1864368128.0,6,375278250.6666667,6,0.19998769685039372,6,29.76603475016115,6,0.06436034683914234,6,0.04800913900544401,6,0.2698892361707597,6,0.3822587220153461,6,0.05578720117046032,6,0.15581168732993925,6,85.04526481933904,6,0.21159888850039957,6,13.333333333333334,6,30.359892360676895,6,0.19820781573498966,6,8877528405.333334,6,8451604362.666667,6
niah_multi,32768,random,0.5,6,0.08333333333333333,0.0,0.5,6,32512.0,6,932184064.0,6,1864368128.0,6,934611626.6666666,6,0.5,6,29.76603475016115,6,0.06436034683914234,6,0.04800913900544401,6,0.29796595132211223,6,0.41033543716669857,6,0.09755882632938058,6,0.21003550016515268,6,63.572694808469485,6,0.3075943264945333,6,13.333333333333334,6,30.483964513822382,6,0.4965385610766046,6,8877888853.333334,6,8451604362.666667,6
niah_multi,32768,snapkv,0.1,6,0.0,0.0,0.09999384842519686,6,32512.0,6,186425344.0,6,1864368128.0,6,188709546.66666666,6,0.09999384842519686,6,29.76603475016115,6,0.0,6,0.10542338183828785,6,0.23073718033265322,6,0.3361605621709411,6,0.04249919450376183,6,0.11290047933774379,6,96.93327067978333,6,0.15539967384150563,6,10.833333333333334,6,30.257594986173597,6,0.30674171842650105,6,8882757632.0,6,8451604362.666667,6
niah_multi,32768,snapkv,0.2,6,0.25,0.25,0.19998769685039372,6,32512.0,6,372850688.0,6,1864368128.0,6,375211349.3333333,6,0.19998769685039372,6,29.76603475016115,6,0.0,6,0.10542338183828785,6,0.2380816526710987,6,0.3435050345093866,6,0.055773562669249564,6,0.14364843066141475,6,84.77714094411392,6,0.19942199333066432,6,12.166666666666666,6,30.3089617780012,6,0.47117624223602483,6,8883355648.0,6,8451790048.0,6
niah_multi,32768,snapkv,0.5,6,0.5,0.5,0.5,6,32512.0,6,932184064.0,6,1864368128.0,6,934611626.6666666,6,0.5,6,29.76603475016115,6,0.0,6,0.10542338183828785,6,0.2609293193333239,6,0.3663527011716117,6,0.09765931933846635,6,0.20865487500850577,6,64.02478031043198,6,0.3063141943469721,6,13.333333333333334,6,30.438701645679732,6,0.7665631469979296,6,8884491605.333334,6,8451790048.0,6
niah_multi,32768,streaming,0.1,6,0.0,0.0,0.09999384842519686,6,32512.0,6,186425344.0,6,1864368128.0,6,188594858.66666666,6,0.09999384842519686,6,29.76603475016115,6,0.0,6,7.361668394878507e-07,6,0.03572366666048765,6,0.03572440282732714,6,0.04233870817309556,6,0.09242675033359167,6,97.17117012103944,6,0.13476545850668722,6,8.833333333333334,6,29.936524611495162,6,0.021739130434782605,6,8884483413.333334,6,8451790048.0,6
niah_multi,32768,streaming,0.2,6,0.3333333333333333,0.5,0.19998769685039372,6,32512.0,6,372850688.0,6,1864368128.0,6,375211349.3333333,6,0.19998769685039372,6,29.76603475016115,6,0.0,6,7.361668394878507e-07,6,0.0372169096711635,6,0.03721764583800299,6,0.0557197638360473,6,0.14327559032729673,6,85.25080770054514,6,0.19899535416334402,6,12.166666666666666,6,30.002247750162496,6,0.3333333333333333,6,8879584597.333334,6,8451790048.0,6
niah_multi,32768,streaming,0.5,6,0.5,0.5,0.5,6,32512.0,6,932184064.0,6,1864368128.0,6,934697642.6666666,6,0.5,6,29.76603475016115,6,0.0,6,7.361668394878507e-07,6,0.04378472916626682,6,0.04378546533310631,6,0.09752205550224365,6,0.23509672216217345,6,63.19258546426352,6,0.3326187776644171,6,14.833333333333334,6,30.142438993158674,6,0.5,6,8878809088.0,6,8451790048.0,6
niah_multi,32768,svdd,0.1,6,0.16666666666666666,0.0,0.09999384842519686,6,32512.0,6,186425344.0,6,1864368128.0,6,188872021.33333334,6,0.09999384842519686,6,29.76603475016115,6,0.06436034683914234,6,8.89382736783106,6,0.1057433680058845,6,9.063931082676087,6,0.042445611160170905,6,0.14097233349942448,6,96.888082120139,6,0.18341794465959538,6,13.666666666666666,6,39.013383777496834,6,0.2713509316770186,6,8881837397.333334,6,8451604362.666667,6
niah_multi,32768,svdd,0.2,6,0.5,0.5,0.19998769685039372,6,32512.0,6,372850688.0,6,1864368128.0,6,375354709.3333333,6,0.19998769685039372,6,29.76603475016115,6,0.06436034683914234,6,8.89382736783106,6,0.11486138883628882,6,9.073049103506492,6,0.057646083339932375,6,0.1691819234935489,6,86.69221096394766,6,0.22682800683348128,6,14.666666666666666,6,39.065911860501124,6,0.35646350931677023,6,8887039317.333334,6,8451790048.0,6
niah_multi,32768,svdd,0.5,6,0.75,0.75,0.5,6,32512.0,6,932184064.0,6,1864368128.0,6,934697642.6666666,6,0.5,6,29.76603475016115,6,0.06436034683914234,6,8.89382736783106,6,0.14609522916725837,6,9.104282943837461,6,0.09738699316706818,6,0.23228092383457502,6,63.87038988116702,6,0.3296679170016432,6,14.833333333333334,6,39.19998561100025,6,0.6809976708074533,6,8882083157.333334,6,8451604362.666667,6
niah_multi,32768,svdd_prerope,0.1,6,0.08333333333333333,0.0,0.09999384842519686,6,32512.0,6,186425344.0,6,1864368128.0,6,188938922.66666666,6,0.09999384842519686,6,29.76603475016115,6,0.06436034683914234,6,9.482804423658914,6,0.10405571550654713,6,9.651220486004604,6,0.04294963866899101,6,0.1497415835086334,6,99.08989722117214,6,0.19269122217762438,6,14.833333333333334,6,39.60994645834338,6,0.3142145445134576,6,8875865429.333334,6,8451604362.666667,6
niah_multi,32768,svdd_prerope,0.2,6,0.5,0.5,0.19998769685039372,6,32512.0,6,372850688.0,6,1864368128.0,6,375345152.0,6,0.19998769685039372,6,29.76603475016115,6,0.06436034683914234,6,9.482804423658914,6,0.11956984032682764,6,9.666734610824884,6,0.05984495132482456,6,0.1705045346704234,6,85.25682093527344,6,0.23034948599524796,6,14.5,6,39.663118846981284,6,0.41055253623188404,6,8867700736.0,6,8451604362.666667,6
niah_multi,32768,svdd_prerope,0.5,6,0.6666666666666666,0.5,0.5,6,32512.0,6,932184064.0,6,1864368128.0,6,934726314.6666666,6,0.5,6,29.76603475016115,6,0.06436034683914234,6,9.482804423658914,6,0.14229606915614568,6,9.689460839654203,6,0.09744714566234809,6,0.23975365983399874,6,64.11267101151016,6,0.33720080549634684,6,15.333333333333334,6,39.7926963953117,6,0.7060688405797101,6,8881580714.666666,6,8451790048.0,6
niah_multi,8192,full,1.0,6,1.0,1.0,1.0,6,7936.0,6,455081984.0,6,455081984.0,6,457605120.0,6,1.0,6,5.230064749999049,6,0.0,6,0.0,6,2.51735036727041e-05,6,2.51735036727041e-05,6,0.061693882006996624,6,0.18383893049516095,6,81.59661488991222,6,0.24553281250215755,6,15.0,6,5.47562273600488,6,1.0,6,5480041130.666667,6,5413581272.0,6
niah_multi,8192,keydiff,0.1,6,1.0,1.0,0.09992439516129033,6,7936.0,6,45473792.0,6,455081984.0,6,47996928.0,6,0.09992439516129033,6,5.230064749999049,6,0.017361069326094974,6,0.23096560416161083,6,0.05331625016212153,6,0.3016429236498273,6,0.03245866682846099,6,0.13591422899238145,6,110.36504602489067,6,0.16837289582084244,6,15.0,6,5.700080569469719,6,0.5300207039337473,6,5480442538.666667,6,5413381930.666667,6
niah_multi,8192,keydiff,0.2,6,1.0,1.0,0.19997479838709678,6,7936.0,6,91004928.0,6,455081984.0,6,93528064.0,6,0.19997479838709678,6,5.230064749999049,6,0.017361069326094974,6,0.23096560416161083,6,0.0554769443309245,6,0.3038036178186303,6,0.03923770849845217,6,0.1417933959940759,6,105.79053591273875,6,0.18103110449252804,6,15.0,6,5.714899472310208,6,0.6684459109730848,6,5479609685.333333,6,5413381930.666667,6
niah_multi,8192,keydiff,0.5,6,1.0,1.0,0.5,6,7936.0,6,227540992.0,6,455081984.0,6,230064128.0,6,0.5,6,5.230064749999049,6,0.017361069326094974,6,0.23096560416161083,6,0.06005120833287947,6,0.3083778818205853,6,0.045478695009175375,6,0.1565920763387112,6,95.79183044016655,6,0.20207077134788656,6,15.0,6,5.740513403167522,6,0.8549430641821947,6,5481035093.333333,6,5413381930.666667,6
niah_multi,8192,knorm,0.1,6,0.0,0.0,0.09992439516129033,6,7936.0,6,45473792.0,6,455081984.0,6,47949141.333333336,6,0.09992439516129033,6,5.230064749999049,6,0.017361069326094974,6,0.05767298583426358,6,0.054880076505166166,6,0.1299141316655247,6,0.03253338884193605,6,0.12815511799029386,6,110.663705802094,6,0.1606885068322299,6,14.333333333333334,6,5.520667388496804,6,0.43882634575569357,6,5480592725.333333,6,5413381930.666667,6
niah_multi,8192,knorm,0.2,6,0.0,0.0,0.19997479838709678,6,7936.0,6,91004928.0,6,455081984.0,6,93336917.33333333,6,0.19997479838709678,6,5.230064749999049,6,0.017361069326094974,6,0.05767298583426358,6,0.05542539582529571,6,0.13045945098565426,6,0.03539980550218994,6,0.11051820816646796,6,105.60042078463078,6,0.1459180136686579,6,11.666666666666666,6,5.506442214653362,6,0.5935882505175983,6,5480150357.333333,6,5413381930.666667,6
niah_multi,8192,knorm,0.5,6,0.0,0.0,0.5,6,7936.0,6,227540992.0,6,455081984.0,6,229844309.33333334,6,0.5,6,5.230064749999049,6,0.017361069326094974,6,0.05767298583426358,6,0.060680770829397566,6,0.13571482598975612,6,0.0451547431681926,6,0.11686478483413036,6,95.63391012928584,6,0.16201952800232297,6,11.166666666666666,6,5.5277991039911285,6,0.8122735507246377,6,5481310890.666667,6,5413381930.666667,6
niah_multi,8192,leverage,0.1,6,0.8333333333333334,1.0,0.09992439516129033,6,7936.0,6,45473792.0,6,455081984.0,6,47977813.333333336,6,0.09992439516129033,6,5.230064749999049,6,0.017361069326094974,6,0.3466095693341534,6,0.05552677783998661,6,0.419497416500235,6,0.034278361165585615,6,0.13267695133496696,6,110.57204801867796,6,0.1669553125005526,6,14.666666666666666,6,5.816517478999837,6,0.4395703933747412,6,5480041130.666667,6,5413381930.666667,6
niah_multi,8192,leverage,0.2,6,1.0,1.0,0.19997479838709678,6,7936.0,6,91004928.0,6,455081984.0,6,93528064.0,6,0.19997479838709678,6,5.230064749999049,6,0.017361069326094974,6,0.3466095693341534,6,0.05764104883322337,6,0.4216116874934717,6,0.035599958491123594,6,0.1412829793310569,6,106.1739604159636,6,0.17688293782218048,6,15.0,6,5.828559375314701,6,0.6034873188405797,6,5479978325.333333,6,5413381930.666667,6
niah_multi,8192,leverage,0.5,6,1.0,1.0,0.5,6,7936.0,6,227540992.0,6,455081984.0,6,230064128.0,6,0.5,6,5.230064749999049,6,0.017361069326094974,6,0.3466095693341534,6,0.062197131837213725,6,0.4261677704974621,6,0.04526237500249408,6,0.15646477067396822,6,95.87365211384736,6,0.2017271456764623,6,15.0,6,5.857959666172974,6,0.8390269151138717,6,5480325120.0,6,5413381930.666667,6
niah_multi,8192,random,0.1,6,0.0,0.0,0.09992439516129033,6,7936.0,6,45473792.0,6,455081984.0,6,47681536.0,6,0.09992439516129033,6,5.230064749999049,6,0.017361069326094974,6,0.011692083503779335,6,0.05507595134258736,6,0.08412910417246167,6,0.032718541498373575,6,0.08594412499708899,6,110.57799056206782,6,0.11866266649546257,6,9.5,6,5.432856520666974,6,0.09743788819875776,6,5481029632.0,6,5413381930.666667,6
niah_multi,8192,random,0.2,6,0.0,0.0,0.19997479838709678,6,7936.0,6,91004928.0,6,455081984.0,6,93375146.66666667,6,0.19997479838709678,6,5.230064749999049,6,0.017361069326094974,6,0.011692083503779335,6,0.0574320068359763,6,0.08648515966585062,6,0.036917930502871364,6,0.11731863200839143,6,104.99323104022731,6,0.1542365625112628,6,12.333333333333334,6,5.4707864721761625,6,0.19856366459627328,6,5480120320.0,6,5413381930.666667,6
niah_multi,8192,random,0.5,6,0.25,0.25,0.5,6,7936.0,6,227540992.0,6,455081984.0,6,230045013.33333334,6,0.5,6,5.230064749999049,6,0.017361069326094974,6,0.011692083503779335,6,0.06391207616252359,6,0.0929652289923979,6,0.04753721517045051,6,0.15449245816853363,6,94.9596761322487,6,0.20202967333898414,6,14.666666666666666,6,5.525059652330431,6,0.5012292960662527,6,5480112128.0,6,5413581272.0,6
niah_multi,8192,snapkv,0.1,6,0.0,0.0,0.09992439516129033,6,7936.0,6,45473792.0,6,455081984.0,6,47557290.666666664,6,0.09992439516129033,6,5.230064749999049,6,0.0,6,0.04546698600461241,6,0.04846290250619253,6,0.09392988851080493,6,0.03260270100145135,6,0.06651286800236751,6,110.3051829867435,6,0.09911556900381886,6,7.333333333333333,6,5.423110207513673,6,0.14256599378881987,6,5480366080.0,6,5413381930.666667,6
niah_multi,8192,snapkv,0.2,6,0.08333333333333333,0.0,0.19997479838709678,6,7936.0,6,91004928.0,6,455081984.0,6,93270016.0,6,0.19997479838709678,6,5.230064749999049,6,0.0,6,0.04546698600461241,6,0.051024756835734784,6,0.09649174284034719,6,0.0355202221738485,6,0.0991380693303654,6,106.07342952014692,6,0.1346582915042139,6,10.5,6,5.4612147843436105,6,0.3222049689440994,6,5480303274.666667,6,5413381930.666667,6
niah_multi,8192,snapkv,0.5,6,0.08333333333333333,0.0,0.5,6,7936.0,6,227540992.0,6,455081984.0,6,230054570.66666666,6,0.5,6,5.230064749999049,6,0.0,6,0.04546698600461241,6,0.05606611099695632,6,0.10153309700156872,6,0.045271236333064735,6,0.1551781179975175,6,95.50951641722531,6,0.20044935433058222,6,14.833333333333334,6,5.5320472013312,6,0.7177148033126294,6,5480800256.0,6,5413581272.0,6
niah_multi,8192,streaming,0.1,6,0.0,0.0,0.09992439516129033,6,7936.0,6,45473792.0,6,455081984.0,6,47614634.666666664,6,0.09992439516129033,6,5.230064749999049,6,0.0,6,6.528280209749937e-07,6,0.009619638837951546,6,0.009620291665972521,6,0.03481484032818116,6,0.07516754165893265,6,110.75154603465681,6,0.10998238198711381,6,8.333333333333334,6,5.349667423652136,6,0.021739130434782605,6,5479418538.666667,6,5413381930.666667,6
niah_multi,8192,streaming,0.2,6,0.3333333333333333,0.5,0.19997479838709678,6,7936.0,6,91004928.0,6,455081984.0,6,93384704.0,6,0.19997479838709678,6,5.230064749999049,6,0.0,6,6.528280209749937e-07,6,0.009866736164743392,6,0.009867388992764367,6,0.03551830567206101,6,0.11800629867260189,6,105.90140027694487,6,0.1535246043446629,6,12.5,6,5.393456743336476,6,0.3333333333333333,6,5481035093.333333,6,5413381930.666667,6
niah_multi,8192,streaming,0.5,6,0.5,0.5,0.5,6,7936.0,6,227540992.0,6,455081984.0,6,230064128.0,6,0.5,6,5.230064749999049,6,0.0,6,6.528280209749937e-07,6,0.01034318066376727,6,0.010343833491788246,6,0.04527534716180526,6,0.15573684033491494,6,96.31829345894555,6,0.2010121874967202,6,15.0,6,5.441420770987558,6,0.5,6,5481024170.666667,6,5413381930.666667,6
niah_multi,8192,svdd,0.1,6,0.08333333333333333,0.0,0.09992439516129033,6,7936.0,6,45473792.0,6,455081984.0,6,47910912.0,6,0.09992439516129033,6,5.230064749999049,6,0.017361069326094974,6,2.3157294026653594,6,0.026143749831438374,6,2.3592342218228928,6,0.03247722216959422,6,0.12155562483045894,6,111.04706079101582,6,0.15403284700005315,6,13.5,6,7.7433318188219955,6,0.2436917701863354,6,5480363349.333333,6,5413381930.666667,6
niah_multi,8192,svdd,0.2,6,0.4166666666666667,0.5,0.19997479838709678,6,7936.0,6,91004928.0,6,455081984.0,6,93528064.0,6,0.19997479838709678,6,5.230064749999049,6,0.017361069326094974,6,2.3157294026653594,6,0.027833861167891882,6,2.360924333159346,6,0.03543200683391964,6,0.14210356250502323,6,105.56420615345469,6,0.17753556933894288,6,15.0,6,7.768524652497338,6,0.3415502070393375,6,5480368810.666667,6,5413581272.0,6
niah_multi,8192,svdd,0.5,6,0.5833333333333334,0.5,0.5,6,7936.0,6,227540992.0,6,455081984.0,6,230064128.0,6,0.5,6,5.230064749999049,6,0.017361069326094974,6,2.3157294026653594,6,0.03422875649024112,6,2.3673192284816955,6,0.045416312675418645,6,0.15643429850266935,6,95.8909017348182,6,0.201850611178088,6,15.0,6,7.799234589658833,6,0.6749805900621118,6,5480972288.0,6,5413381930.666667,6
niah_multi,8192,svdd_prerope,0.1,6,0.16666666666666666,0.0,0.09992439516129033,6,7936.0,6,45473792.0,6,455081984.0,6,47996928.0,6,0.09992439516129033,6,5.230064749999049,6,0.017361069326094974,6,2.4020279933368633,6,0.02473641665710602,6,2.444125479320064,6,0.032721534837037325,6,0.13498191667895298,6,111.1286837824498,6,0.1677034515159903,6,15.0,6,7.841893680835104,6,0.28522903726708076,6,5480442538.666667,6,5413381930.666667,6
niah_multi,8192,svdd_prerope,0.2,6,0.3333333333333333,0.25,0.19997479838709678,6,7936.0,6,91004928.0,6,455081984.0,6,93528064.0,6,0.19997479838709678,6,5.230064749999049,6,0.017361069326094974,6,2.4020279933368633,6,0.027027916662821855,6,2.44641697932578,6,0.03548619449914744,6,0.14110902099734327,6,106.30385231793677,6,0.1765952154964907,6,15.0,6,7.8530769448213205,6,0.3927924430641822,6,5479768064.0,6,5413381930.666667,6
niah_multi,8192,svdd_prerope,0.5,6,0.5833333333333334,0.5,0.5,6,7936.0,6,227540992.0,6,455081984.0,6,230064128.0,6,0.5,6,5.230064749999049,6,0.017361069326094974,6,2.4020279933368633,6,0.03381118766750054,6,2.453200250330459,6,0.045243097493463814,6,0.1562473751643362,6,96.00373295940784,6,0.20149047265780004,6,15.0,6,7.884755472987308,6,0.6989518633540373,6,5480944981.333333,6,5413381930.666667,6
niah_single,16384,full,1.0,6,1.0,1.0,1.0,6,16128.0,6,924844032.0,6,924844032.0,6,926621696.0,6,1.0,6,11.972302687334983,6,0.0,6,0.0,6,2.7666498984520633e-05,6,2.7666498984520633e-05,6,0.09768817367148586,6,0.10889272933612422,6,64.2843739162746,6,0.2065809030076101,6,7.0,6,12.178911256841578,6,1.0,6,6715561301.333333,6,6458666192.0,6
niah_single,16384,keydiff,0.1,6,1.0,1.0,0.09995039682539685,6,16128.0,6,92438528.0,6,924844032.0,6,94292650.66666667,6,0.09995039682539685,6,11.972302687334983,6,0.03456004867136168,6,0.47004965267357574,6,0.1160044375040646,6,0.620614138849002,6,0.035624562830586605,6,0.0786163470086952,6,105.86575460539592,6,0.11424090983928181,6,8.333333333333334,6,12.707157736023268,6,0.546972049689441,6,6714209621.333333,6,6372966930.666667,6
niah_single,16384,keydiff,0.2,6,1.0,1.0,0.19996279761904764,6,16128.0,6,184934400.0,6,924844032.0,6,186712064.0,6,0.19996279761904764,6,11.972302687334983,6,0.03456004867136168,6,0.47004965267357574,6,0.11992147217097227,6,0.6245311735159097,6,0.04209756950634377,6,0.07063657633746818,6,99.10460642101339,6,0.11273414584381196,6,7.0,6,12.709568006694704,6,0.6625905797101449,6,6715039744.0,6,6372966930.666667,6
niah_single,16384,keydiff,0.5,6,1.0,1.0,0.5,6,16128.0,6,462422016.0,6,924844032.0,6,464199680.0,6,0.5,6,11.972302687334983,6,0.03456004867136168,6,0.47004965267357574,6,0.13481815283497176,6,0.6394278541799091,6,0.06168766683064556,6,0.08415780566671553,6,83.17817444619294,6,0.1458454724973611,6,7.0,6,12.757576014012253,6,0.8303571428571428,6,6714706602.666667,6,6372966930.666667,6
niah_single,16384,knorm,0.1,6,0.0,0.0,0.09995039682539685,6,16128.0,6,92438528.0,6,924844032.0,6,95181482.66666667,6,0.09995039682539685,6,11.972302687334983,6,0.03456004867136168,6,0.1171024169937785,6,0.11669425699316587,6,0.26835672265830607,6,0.03558899283234496,6,0.2254266528422401,6,105.79323914845598,6,0.2610156456745851,6,24.5,6,12.501675055667874,6,0.509963768115942,6,6715574954.666667,6,6458666192.0,6
niah_single,16384,knorm,0.2,6,0.0,0.0,0.19996279761904764,6,16128.0,6,184934400.0,6,924844032.0,6,187715584.0,6,0.19996279761904764,6,11.972302687334983,6,0.03456004867136168,6,0.1171024169937785,6,0.1205251664990404,6,0.27218763216418057,6,0.04214500000428719,6,0.2474483680028546,6,98.76335214747608,6,0.2895933680071418,6,25.166666666666668,6,12.534083687506305,6,0.6407867494824016,6,6715572224.0,6,6458666192.0,6
niah_single,16384,knorm,0.5,6,0.16666666666666666,0.0,0.5,6,16128.0,6,462422016.0,6,924844032.0,6,464964266.6666667,6,0.5,6,11.972302687334983,6,0.03456004867136168,6,0.1171024169937785,6,0.13134449333301745,6,0.28300695899815764,6,0.061653354171236664,6,0.24494639566304008,6,83.15439026885919,6,0.30659974983427674,6,20.833333333333332,6,12.561909396167417,6,0.8344979296066253,6,6715026090.666667,6,6372966930.666667,6
niah_single,16384,leverage,0.1,6,1.0,1.0,0.09995039682539685,6,16128.0,6,92438528.0,6,924844032.0,6,94216192.0,6,0.09995039682539685,6,11.972302687334983,6,0.03456004867136168,6,0.7076201041636523,6,0.1206773820061547,6,0.8628575348411687,6,0.03800904849776998,6,0.06628718733069643,6,105.62247064143395,6,0.10429623582846641,6,7.0,6,12.939456458004619,6,0.45917443064182195,6,6714165930.666667,6,6458666192.0,6
niah_single,16384,leverage,0.2,6,1.0,1.0,0.19996279761904764,6,16128.0,6,184934400.0,6,924844032.0,6,186712064.0,6,0.19996279761904764,6,11.972302687334983,6,0.03456004867136168,6,0.7076201041636523,6,0.1258782500080997,6,0.8680584028431136,6,0.045656736173744626,6,0.07087208333541639,6,98.77345347355684,6,0.11652881950916101,6,7.0,6,12.956889909687257,6,0.613871635610766,6,6713163776.0,6,6372966930.666667,6
niah_single,16384,leverage,0.5,6,1.0,1.0,0.5,6,16128.0,6,462422016.0,6,924844032.0,6,464199680.0,6,0.5,6,11.972302687334983,6,0.03456004867136168,6,0.7076201041636523,6,0.13380959016406754,6,0.8759897429990815,6,0.061526041502171815,6,0.08399674283282366,6,83.33844167594188,6,0.14552278433499546,6,7.0,6,12.99381521466906,6,0.8365036231884059,6,6715039744.0,6,6458666192.0,6
niah_single,16384,random,0.1,6,0.0,0.0,0.09995039682539685,6,16128.0,6,92438528.0,6,924844032.0,6,94455125.33333333,6,0.09995039682539685,6,11.972302687334983,6,0.03456004867136168,6,0.024186194331074756,6,0.11978800716557696,6,0.1785342501680134,6,0.03552474298824867,6,0.10572812500565003,6,106.15280434490376,6,0.1412528679938987,6,11.333333333333334,6,12.292089805496895,6,0.10416666666666667,6,6715572224.0,6,6458666192.0,6
niah_single,16384,random,0.2,6,0.0,0.0,0.19996279761904764,6,16128.0,6,184934400.0,6,924844032.0,6,186568704.0,6,0.19996279761904764,6,11.972302687334983,6,0.03456004867136168,6,0.024186194331074756,6,0.12329392366518732,6,0.18204016666762377,6,0.04194459750821503,6,0.04565193750022445,6,98.56093422252145,6,0.08759653500843949,6,4.5,6,12.241939389011046,6,0.20432194616977226,6,6714231466.666667,6,6458666192.0,6
niah_single,16384,random,0.5,6,0.3333333333333333,0.0,0.5,6,16128.0,6,462422016.0,6,924844032.0,6,464534186.6666667,6,0.5,6,11.972302687334983,6,0.03456004867136168,6,0.024186194331074756,6,0.13472720183199272,6,0.19347344483442916,6,0.06148034715927982,6,0.1541526876584006,6,83.41652212103655,6,0.2156330348176804,6,13.0,6,12.381409166987092,6,0.4985119047619047,6,6715558570.666667,6,6372966930.666667,6
niah_single,16384,snapkv,0.1,6,0.0,0.0,0.09995039682539685,6,16128.0,6,92438528.0,6,924844032.0,6,94369109.33333333,6,0.09995039682539685,6,11.972302687334983,6,0.0,6,0.06016779850566915,6,0.10581065266645358,6,0.16597845117212273,6,0.035603236004438564,6,0.09122394449756636,6,105.92189422549261,6,0.12682718050200492,6,9.833333333333334,6,12.26510831900911,6,0.302536231884058,6,6715561301.333333,6,6372966930.666667,6
niah_single,16384,snapkv,0.2,6,0.0,0.0,0.19996279761904764,6,16128.0,6,184934400.0,6,924844032.0,6,187113472.0,6,0.19996279761904764,6,11.972302687334983,6,0.0,6,0.06016779850566915,6,0.11015136115990269,6,0.17031915966557185,6,0.042188270832411945,6,0.14191219483715636,6,98.60108833729352,6,0.1841004656695683,6,14.333333333333334,6,12.326722312670123,6,0.49378881987577644,6,6715553109.333333,6,6372966930.666667,6
niah_single,16384,snapkv,0.5,6,0.5,0.5,0.5,6,16128.0,6,462422016.0,6,924844032.0,6,464438613.3333333,6,0.5,6,11.972302687334983,6,0.0,6,0.06016779850566915,6,0.123018069503208,6,0.18318586800887715,6,0.06155604166269768,6,0.13383883999874038,6,83.42825402567847,6,0.19539488166143806,6,11.333333333333334,6,12.3508834370053,6,0.8018245341614906,6,6714728448.0,6,6458666192.0,6
niah_single,16384,streaming,0.1,6,0.0,0.0,0.09995039682539685,6,16128.0,6,92438528.0,6,924844032.0,6,94388224.0,6,0.09995039682539685,6,11.972302687334983,6,0.0,6,6.596722717707356e-07,6,0.019628937836387195,6,0.019629597508658964,6,0.037686513829006195,6,0.09445122933539096,6,106.017008066686,6,0.13213774316439716,6,10.166666666666666,6,12.12407002800804,6,0.0,6,6713488725.333333,6,6345886904.0,6
niah_single,16384,streaming,0.2,6,0.3333333333333333,0.0,0.19996279761904764,6,16128.0,6,184934400.0,6,924844032.0,6,187084800.0,6,0.19996279761904764,6,11.972302687334983,6,0.0,6,6.596722717707356e-07,6,0.018533541491099943,6,0.018534201163371716,6,0.04182945150144709,6,0.1358946875067583,6,99.26523970650459,6,0.17772413900820538,6,13.833333333333334,6,12.168561027506561,6,0.3333333333333333,6,6714605568.0,6,6458666192.0,6
niah_single,16384,streaming,0.5,6,0.6666666666666666,1.0,0.5,6,16128.0,6,462422016.0,6,924844032.0,6,464658432.0,6,0.5,6,11.972302687334983,6,0.0,6,6.596722717707356e-07,6,0.02045243732572999,6,0.020453096998001758,6,0.06130593032382118,6,0.18030872917249022,6,83.24957055123811,6,0.24161465949631142,6,15.333333333333334,6,12.234370443829297,6,0.6666666666666666,6,6715561301.333333,6,6458666192.0,6
niah_single,16384,svdd,0.1,6,0.0,0.0,0.09995039682539685,6,16128.0,6,92438528.0,6,924844032.0,6,94741845.33333333,6,0.09995039682539685,6,11.972302687334983,6,0.03456004867136168,6,4.528579722168312,6,0.05164272898885732,6,4.614782499828531,6,0.035828680343305074,6,0.15243059016938787,6,105.96262397598828,6,0.18825927051269295,6,16.333333333333332,6,16.77534445767621,6,0.26235766045548653,6,6715566762.666667,6,6372966930.666667,6
niah_single,16384,svdd,0.2,6,0.16666666666666666,0.0,0.19996279761904764,6,16128.0,6,184934400.0,6,924844032.0,6,187170816.0,6,0.19996279761904764,6,11.972302687334983,6,0.03456004867136168,6,4.528579722168312,6,0.056107104343633786,6,4.619246875183308,6,0.04210500017507002,6,0.15104774283342218,6,99.12421038447854,6,0.1931527430084922,6,15.333333333333334,6,16.784702305526782,6,0.3528726708074534,6,6715572224.0,6,6458666192.0,6
niah_single,16384,svdd,0.5,6,0.5,0.5,0.5,6,16128.0,6,462422016.0,6,924844032.0,6,464371712.0,6,0.5,6,11.972302687334983,6,0.03456004867136168,6,4.528579722168312,6,0.07037152750126552,6,4.633511298340939,6,0.06124289600120392,6,0.12064040983386803,6,82.96571086263295,6,0.18188330583507195,6,10.0,6,16.787697291510995,6,0.5707815734989649,6,6715020629.333333,6,6372966930.666667,6
niah_single,16384,svdd_prerope,0.1,6,0.0,0.0,0.09995039682539685,6,16128.0,6,92438528.0,6,924844032.0,6,94464682.66666667,6,0.09995039682539685,6,11.972302687334983,6,0.03456004867136168,6,4.746611166837586,6,0.050475235999329016,6,4.831646451508277,6,0.0355157154990593,6,0.1065275420017618,6,106.38756494536288,6,0.1420432575008211,6,11.5,6,16.94599239634408,6,0.31612318840579706,6,6714204160.0,6,6372966930.666667,6
niah_single,16384,svdd_prerope,0.2,6,0.3333333333333333,0.0,0.19996279761904764,6,16128.0,6,184934400.0,6,924844032.0,6,186702506.66666666,6,0.19996279761904764,6,11.972302687334983,6,0.03456004867136168,6,4.746611166837586,6,0.055393527659665175,6,4.836564743168613,6,0.04188760383112822,6,0.06881838183229168,6,99.28060604088057,6,0.1107059856634199,6,6.833333333333333,6,16.919573416167015,6,0.41673136645962733,6,6713597952.0,6,6372966930.666667,6
niah_single,16384,svdd_prerope,0.5,6,0.3333333333333333,0.0,0.5,6,16128.0,6,462422016.0,6,924844032.0,6,464419498.6666667,6,0.5,6,11.972302687334983,6,0.03456004867136168,6,4.746611166837586,6,0.07259329866792541,6,4.8537645141768735,6,0.06527070850521947,6,0.13048395832205037,6,82.99600540392915,6,0.19575466682726983,6,11.0,6,17.021821868339128,6,0.6136775362318841,6,6713275733.333333,6,6458666192.0,6
niah_single,32768,full,1.0,6,1.0,1.0,1.0,6,32512.0,6,1864368128.0,6,1864368128.0,6,1866145792.0,6,1.0,6,29.737240152501425,6,0.0,6,0.0,6,2.2583160898648202e-05,6,2.2583160898648202e-05,6,0.1773011806605306,6,0.1763448681740556,6,40.36546509130906,6,0.3536460488345862,6,7.0,6,30.090908784496907,6,1.0,6,8828103338.666666,6,8450675936.0,6
niah_single,32768,keydiff,0.1,6,1.0,1.0,0.09999384842519686,6,32512.0,6,186425344.0,6,1864368128.0,6,188203008.0,6,0.09999384842519686,6,29.737240152501425,6,0.06866622217057738,6,0.9557929515043119,6,0.24820475683372933,6,1.2726639305086185,6,0.042561243341575995,6,0.07070492350612767,6,99.00842410483658,6,0.11326616684770367,6,7.0,6,31.123170249857747,6,0.5763457556935818,6,8825028608.0,6,8450675936.0,6
niah_single,32768,keydiff,0.2,6,1.0,1.0,0.19998769685039372,6,32512.0,6,372850688.0,6,1864368128.0,6,374628352.0,6,0.19998769685039372,6,29.737240152501425,6,0.06866622217057738,6,0.9557929515043119,6,0.2566364791612917,6,1.281095652836181,6,0.055857326500699855,6,0.0811923264991492,6,86.22779731248045,6,0.13704965299984906,6,7.0,6,31.155385458337452,6,0.6898291925465837,6,8821942954.666666,6,8170170124.0,6
niah_single,32768,keydiff,0.5,6,1.0,1.0,0.5,6,32512.0,6,932184064.0,6,1864368128.0,6,933961728.0,6,0.5,6,29.737240152501425,6,0.06866622217057738,6,0.9557929515043119,6,0.28462489567270194,6,1.3090840693475911,6,0.09706449999551599,6,0.10839822950462501,6,64.57930349222416,6,0.205462729500141,6,7.0,6,31.251786951349157,6,0.8584368530020704,6,8825834154.666666,6,8450675936.0,6
niah_single,32768,knorm,0.1,6,0.0,0.0,0.09999384842519686,6,32512.0,6,186425344.0,6,1864368128.0,6,188671317.33333334,6,0.09999384842519686,6,29.737240152501425,6,0.06866622217057738,6,0.24501768049958628,6,0.2605355973258459,6,0.5742194999960096,6,0.045136409496384054,6,0.1534235138387885,6,98.59471059633314,6,0.19855992333517256,6,15.333333333333334,6,30.510019575832604,6,0.5738871635610766,6,8812836181.333334,6,8169298134.666667,6
niah_single,32768,knorm,0.2,6,0.0,0.0,0.19998769685039372,6,32512.0,6,372850688.0,6,1864368128.0,6,375469397.3333333,6,0.19998769685039372,6,29.737240152501425,6,0.06866622217057738,6,0.24501768049958628,6,0.2629587291691375,6,0.5766426318393011,6,0.05571384016851274,6,0.2503492499915107,6,86.58771199410226,6,0.3060630901600234,6,22.166666666666668,6,30.619945874500747,6,0.6906055900621118,6,8828114261.333334,6,8450675936.0,6
niah_single,32768,knorm,0.5,6,0.0,0.0,0.5,6,32512.0,6,932184064.0,6,1864368128.0,6,934630741.3333334,6,0.5,6,29.737240152501425,6,0.06866622217057738,6,0.24501768049958628,6,0.2893569238318984,6,0.603040826502062,6,0.09691086800497335,6,0.2891875416777718,6,64.3448363494037,6,0.3860984096827451,6,19.166666666666668,6,30.72637938868623,6,0.8611542443064182,6,8823925418.666666,6,8450675936.0,6
niah_single,32768,leverage,0.1,6,1.0,1.0,0.09999384842519686,6,32512.0,6,186425344.0,6,1864368128.0,6,188203008.0,6,0.09999384842519686,6,29.737240152501425,6,0.06866622217057738,6,1.446840333000485,6,0.26113386832973146,6,1.776640423500794,6,0.042942194661009125,6,0.07102693050789337,6,98.55921953249053,6,0.1139691251689025,6,7.0,6,31.62784970117112,6,0.5302795031055901,6,8827117568.0,6,8450675936.0,6
niah_single,32768,leverage,0.2,6,1.0,1.0,0.19998769685039372,6,32512.0,6,372850688.0,6,1864368128.0,6,374628352.0,6,0.19998769685039372,6,29.737240152501425,6,0.06866622217057738,6,1.446840333000485,6,0.26657427082924795,6,1.7820808260003105,6,0.05567046533299921,6,0.08070777117003065,6,86.73399542247078,6,0.13637823650302985,6,7.0,6,31.655699215004763,6,0.6745600414078674,6,8828103338.666666,6,8450675936.0,6
niah_single,32768,leverage,0.5,6,1.0,1.0,0.5,6,32512.0,6,932184064.0,6,1864368128.0,6,933961728.0,6,0.5,6,29.737240152501425,6,0.06866622217057738,6,1.446840333000485,6,0.29468822216343443,6,1.810194777334497,6,0.0973963053256739,6,0.10893723633974635,6,64.27376498039813,6,0.20633354166542026,6,7.0,6,31.753768471501342,6,0.8669125258799171,6,8822207829.333334,6,8284391180.0,6
niah_single,32768,random,0.1,6,0.0,0.0,0.09999384842519686,6,32512.0,6,186425344.0,6,1864368128.0,6,188241237.33333334,6,0.09999384842519686,6,29.737240152501425,6,0.06866622217057738,6,0.048373416502727196,6,0.26547401349428884,6,0.3825136521675934,6,0.04497340283220789,6,0.07824845149783262,6,97.91109249594236,6,0.12322185433004051,6,7.833333333333333,6,30.242975658999057,6,0.09866718426501032,6,8822521856.0,6,8284391180.0,6
niah_single,32768,random,0.2,6,0.0,0.0,0.19998769685039372,6,32512.0,6,372850688.0,6,1864368128.0,6,375029760.0,6,0.19998769685039372,6,29.737240152501425,6,0.06866622217057738,6,0.048373416502727196,6,0.2698854513388748,6,0.3869250900121794,6,0.05551920134166721,6,0.16152222899836488,6,86.4983649166993,6,0.2170414303400321,6,14.166666666666666,6,30.341206672853634,6,0.1955874741200828,6,8827524437.333334,6,8284391180.0,6
niah_single,32768,random,0.5,6,0.16666666666666666,0.0,0.5,6,32512.0,6,932184064.0,6,1864368128.0,6,934410922.6666666,6,0.5,6,29.737240152501425,6,0.06866622217057738,6,0.048373416502727196,6,0.29527252101009555,6,0.4123121596834001,6,0.09724413182508822,6,0.2310854516690597,6,64.2183516404161,6,0.3283295834941479,6,15.166666666666666,6,30.477881895678973,6,0.4963768115942029,6,8825039530.666666,6,8450675936.0,6
niah_single,32768,snapkv,0.1,6,0.0,0.0,0.09999384842519686,6,32512.0,6,186425344.0,6,1864368128.0,6,188690432.0,6,0.09999384842519686,6,29.737240152501425,6,0.0,6,0.10585382683590676,6,0.230423701160665,6,0.33627752799657173,6,0.042492944509528265,6,0.15711635449163927,6,98.71470513976384,6,0.19960929900116753,6,15.833333333333334,6,30.273126979499164,6,0.44021739130434784,6,8826025301.333334,6,8450675936.0,6
niah_single,32768,snapkv,0.2,6,0.16666666666666666,0.0,0.19998769685039372,6,32512.0,6,372850688.0,6,1864368128.0,6,374657024.0,6,0.19998769685039372,6,29.737240152501425,6,0.0,6,0.10585382683590676,6,0.23808201367016105,6,0.3439358405060678,6,0.05535950717361023,6,0.08649214600154664,6,86.56540390217573,6,0.14185165317515688,6,7.5,6,30.223027646182647,6,0.6091485507246377,6,8815766186.666666,6,8450675936.0,6
niah_single,32768,snapkv,0.5,6,0.3333333333333333,0.0,0.5,6,32512.0,6,932184064.0,6,1864368128.0,6,934124202.6666666,6,0.5,6,29.737240152501425,6,0.0,6,0.10585382683590676,6,0.2616890624970741,6,0.36754288933298085,6,0.09701620116538834,6,0.15284960400216127,6,64.46249930575996,6,0.2498658051675496,6,10.0,6,30.354648847001954,6,0.8654891304347826,6,8827114837.333334,6,8450675936.0,6
niah_single,32768,streaming,0.1,6,0.0,0.0,0.09999384842519686,6,32512.0,6,186425344.0,6,1864368128.0,6,188556629.33333334,6,0.09999384842519686,6,29.737240152501425,6,0.0,6,6.041712670897444e-07,6,0.03627504167767862,6,0.036275645848945715,6,0.04238566667481791,6,0.13392679182288703,6,98.16319287651856,6,0.17631245849770494,6,13.5,6,29.949828256848075,6,0.0144927536231884,6,8822196906.666666,6,8450675936.0,6
niah_single,32768,streaming,0.2,6,0.3333333333333333,0.0,0.19998769685039372,6,32512.0,6,372850688.0,6,1864368128.0,6,375067989.3333333,6,0.19998769685039372,6,29.737240152501425,6,0.0,6,6.041712670897444e-07,6,0.04028532650166502,6,0.0402859306729321,6,0.05761870166073398,6,0.169538208336841,6,85.9851557831587,6,0.22715690999757499,6,15.0,6,30.00468299317193,6,0.3333333333333333,6,8822243328.0,6,8450675936.0,6
niah_single,32768,streaming,0.5,6,0.6666666666666666,1.0,0.5,6,32512.0,6,932184064.0,6,1864368128.0,6,934420480.0,6,0.5,6,29.737240152501425,6,0.0,6,6.041712670897444e-07,6,0.04344522233683771,6,0.0434458265081048,6,0.0972941874982401,6,0.2334186319979684,6,64.33391406147952,6,0.3307128194962085,6,15.333333333333334,6,30.111398798505736,6,0.6666666666666666,6,8824206677.333334,6,8450675936.0,6
niah_single,32768,svdd,0.1,6,0.0,0.0,0.09999384842519686,6,32512.0,6,186425344.0,6,1864368128.0,6,188422826.66666666,6,0.09999384842519686,6,29.737240152501425,6,0.06866622217057738,6,8.901655083333026,6,0.10682977083585381,6,9.077151076339456,6,0.04242496532970108,6,0.11026708333035155,6,98.26040191887277,6,0.15269204866005262,6,11.0,6,38.96708327750093,6,0.2723214285714286,6,8828054186.666666,6,8284391180.0,6
niah_single,32768,svdd,0.2,6,0.3333333333333333,0.0,0.19998769685039372,6,32512.0,6,372850688.0,6,1864368128.0,6,374657024.0,6,0.19998769685039372,6,29.737240152501425,6,0.06866622217057738,6,8.901655083333026,6,0.12546836800174788,6,9.095789673505351,6,0.05793627066304907,6,0.08730543049265786,6,85.9356256973626,6,0.14524170115570692,6,7.5,6,38.978271527162484,6,0.3669772256728778,6,8808218624.0,6,8284391180.0,6
niah_single,32768,svdd,0.5,6,0.6666666666666666,1.0,0.5,6,32512.0,6,932184064.0,6,1864368128.0,6,933961728.0,6,0.5,6,29.737240152501425,6,0.06866622217057738,6,8.901655083333026,6,0.1469025484936234,6,9.117223853997226,6,0.09690130533029635,6,0.1084022708334184,6,64.57593655417435,6,0.20530357616371475,6,7.0,6,39.05976758266237,6,0.5698110766045548,6,8828059648.0,6,8284391180.0,6
niah_single,32768,svdd_prerope,0.1,6,0.16666666666666666,0.0,0.09999384842519686,6,32512.0,6,186425344.0,6,1864368128.0,6,188126549.33333334,6,0.09999384842519686,6,29.737240152501425,6,0.06866622217057738,6,9.503195236330308,6,0.10731675016480342,6,9.67917820866569,6,0.0440800695020395,6,0.057936395833773226,6,97.81331610289362,6,0.10201646533581273,6,5.666666666666667,6,39.518434826502926,6,0.32712215320910976,6,8819455317.333334,6,8169298134.666667,6
niah_single,32768,svdd_prerope,0.2,6,0.16666666666666666,0.0,0.19998769685039372,6,32512.0,6,372850688.0,6,1864368128.0,6,374867285.3333333,6,0.19998769685039372,6,29.737240152501425,6,0.06866622217057738,6,9.503195236330308,6,0.11340736099130784,6,9.685268819492194,6,0.05574386816685243,6,0.12903881966485642,6,86.44250400565238,6,0.18478268783170884,6,11.333333333333334,6,39.60729165982533,6,0.4282479296066252,6,8822180522.666666,6,8450675936.0,6
niah_single,32768,svdd_prerope,0.5,6,0.5,0.5,0.5,6,32512.0,6,932184064.0,6,1864368128.0,6,934191104.0,6,0.5,6,29.737240152501425,6,0.06866622217057738,6,9.503195236330308,6,0.14244338200660422,6,9.71430484050749,6,0.09685488233420377,6,0.171280916503747,6,64.52366297220107,6,0.26813579883795075,6,11.166666666666666,6,39.71968079184686,6,0.6145833333333334,6,8826522282.666666,6,8284391180.0,6
niah_single,8192,full,1.0,6,1.0,1.0,1.0,6,7936.0,6,455081984.0,6,455081984.0,6,456859648.0,6,1.0,6,5.228706215168738,6,0.0,6,0.0,6,2.1763660091285903e-05,6,2.1763660091285903e-05,6,0.0611303613356237,6,0.08476361800179195,6,82.5831553142743,6,0.14589397933741566,6,7.0,6,5.374621958166244,6,1.0,6,5428319573.333333,6,5412385224.0,6
niah_single,8192,keydiff,0.1,6,1.0,1.0,0.09992439516129033,6,7936.0,6,45473792.0,6,455081984.0,6,47251456.0,6,0.09992439516129033,6,5.228706215168738,6,0.025639437502832152,6,0.2304297013421698,6,0.052396965329535306,6,0.3084661041745373,6,0.03255263883329462,6,0.06330302082642447,6,110.5809083468688,6,0.0958556596597191,6,7.0,6,5.633027979002994,6,0.5481366459627329,6,5430900053.333333,6,5412385224.0,6
niah_single,8192,keydiff,0.2,6,1.0,1.0,0.19997479838709678,6,7936.0,6,91004928.0,6,455081984.0,6,92782592.0,6,0.19997479838709678,6,5.228706215168738,6,0.025639437502832152,6,0.2304297013421698,6,0.05454231249556566,6,0.3106114513405676,6,0.037615777497800686,6,0.06596299333614297,6,106.13265219369707,6,0.10357877083394366,6,7.0,6,5.642896437343249,6,0.670613354037267,6,5427781632.0,6,5379133660.0,6
niah_single,8192,keydiff,0.5,6,1.0,1.0,0.5,6,7936.0,6,227540992.0,6,455081984.0,6,229318656.0,6,0.5,6,5.228706215168738,6,0.025639437502832152,6,0.2304297013421698,6,0.060929916837873556,6,0.3169990556828755,6,0.044854979001684114,6,0.07329622199661874,6,95.51201215072005,6,0.11815120099830285,6,7.0,6,5.663856471849916,6,0.839738612836439,6,5428988586.666667,6,5379133660.0,6
niah_single,8192,knorm,0.1,6,0.0,0.0,0.09992439516129033,6,7936.0,6,45473792.0,6,455081984.0,6,47557290.666666664,6,0.09992439516129033,6,5.228706215168738,6,0.025639437502832152,6,0.0579897153317385,6,0.05328484682831913,6,0.13691399966288978,6,0.032293541667362057,6,0.11141938883035134,6,111.0571973774118,6,0.1437129304977134,6,12.5,6,5.50933314532934,6,0.48084886128364385,6,5430889130.666667,6,5412385224.0,6
niah_single,8192,knorm,0.2,6,0.0,0.0,0.19997479838709678,6,7936.0,6,91004928.0,6,455081984.0,6,93250901.33333333,6,0.19997479838709678,6,5.228706215168738,6,0.025639437502832152,6,0.0579897153317385,6,0.05451790283647521,6,0.13814705567104588,6,0.03534906932812495,6,0.14262770150768725,6,106.25662848541634,6,0.1779767708358122,6,15.5,6,5.544830041675596,6,0.6185947204968943,6,5429799594.666667,6,5412385224.0,6
niah_single,8192,knorm,0.5,6,0.0,0.0,0.5,6,7936.0,6,227540992.0,6,455081984.0,6,229978112.0,6,0.5,6,5.228706215168738,6,0.025639437502832152,6,0.0579897153317385,6,0.06045683350142402,6,0.14408598633599468,6,0.044917527838454895,6,0.19381328483480806,6,95.75060403429052,6,0.23873081267326293,6,19.0,6,5.611523014177995,6,0.8174818840579711,6,5428974933.333333,6,5379133660.0,6
niah_single,8192,leverage,0.1,6,1.0,1.0,0.09992439516129033,6,7936.0,6,45473792.0,6,455081984.0,6,47251456.0,6,0.09992439516129033,6,5.228706215168738,6,0.025639437502832152,6,0.34306263184407726,6,0.054486201338780425,6,0.4231882706856898,6,0.03411722899181768,6,0.06312608333246317,6,110.89119518193264,6,0.09724331232428085,6,7.0,6,5.749137798178708,6,0.4469461697722567,6,5428237653.333333,6,5379133660.0,6
niah_single,8192,leverage,0.2,6,1.0,1.0,0.19997479838709678,6,7936.0,6,91004928.0,6,455081984.0,6,92782592.0,6,0.19997479838709678,6,5.228706215168738,6,0.025639437502832152,6,0.34306263184407726,6,0.056392437327303924,6,0.42509450667421333,6,0.037542430329873845,6,0.06684322882695899,6,104.73128721654342,6,0.10438565915683284,6,7.0,6,5.758186380999784,6,0.608501552795031,6,5427333802.666667,6,5379133660.0,6
niah_single,8192,leverage,0.5,6,1.0,1.0,0.5,6,7936.0,6,227540992.0,6,455081984.0,6,229318656.0,6,0.5,6,5.228706215168738,6,0.025639437502832152,6,0.34306263184407726,6,0.06130141666411267,6,0.43000348601102206,6,0.045026993170419395,6,0.07277726366010029,6,96.1859464995576,6,0.11780425683051969,6,7.0,6,5.77651395801028,6,0.843944099378882,6,5429264384.0,6,5379133660.0,6
niah_single,8192,random,0.1,6,0.0,0.0,0.09992439516129033,6,7936.0,6,45473792.0,6,455081984.0,6,47337472.0,6,0.09992439516129033,6,5.228706215168738,6,0.025639437502832152,6,0.011600493167255385,6,0.05469566667064404,6,0.09193559734073158,6,0.03240902799492081,6,0.07672143049906784,6,110.5177026978799,6,0.10913045849398866,6,8.666666666666666,6,5.429772271003458,6,0.09368530020703932,6,5430037162.666667,6,5412385224.0,6
niah_single,8192,random,0.2,6,0.0,0.0,0.19997479838709678,6,7936.0,6,91004928.0,6,455081984.0,6,92916394.66666667,6,0.19997479838709678,6,5.228706215168738,6,0.025639437502832152,6,0.011600493167255385,6,0.056107791669395134,6,0.09334772233948267,6,0.03531878449333211,6,0.08781328483504088,6,105.77660914203055,6,0.12313206932837299,6,9.5,6,5.445186006836593,6,0.19772256728778467,6,5429540181.333333,6,5379133660.0,6
niah_single,8192,random,0.5,6,0.0,0.0,0.5,6,7936.0,6,227540992.0,6,455081984.0,6,230006784.0,6,0.5,6,5.228706215168738,6,0.025639437502832152,6,0.011600493167255385,6,0.062559458000275,6,0.09979938867036253,6,0.046691562505050875,6,0.19830424983714087,6,95.81736138953636,6,0.24499581234219173,6,19.5,6,5.5735014161812915,6,0.49928830227743265,6,5428644522.666667,6,5379133660.0,6
niah_single,8192,snapkv,0.1,6,0.0,0.0,0.09992439516129033,6,7936.0,6,45473792.0,6,455081984.0,6,47595520.0,6,0.09992439516129033,6,5.228706215168738,6,0.0,6,0.04370063183402332,6,0.047983507164948,6,0.09168413899897132,6,0.03246034700229453,6,0.11765657633077353,6,110.21687798887562,6,0.15011692333306806,6,13.333333333333334,6,5.470507277500777,6,0.16304347826086954,6,5428472490.666667,6,5379133660.0,6
niah_single,8192,snapkv,0.2,6,0.0,0.0,0.19997479838709678,6,7936.0,6,91004928.0,6,455081984.0,6,93193557.33333333,6,0.19997479838709678,6,5.228706215168738,6,0.0,6,0.04370063183402332,6,0.04981074999765648,6,0.0935113818316798,6,0.035451576336830236,6,0.1340542778246648,6,105.69251511470831,6,0.16950585416149502,6,14.5,6,5.491723451161913,6,0.3475025879917184,6,5429540181.333333,6,5412385224.0,6
niah_single,8192,snapkv,0.5,6,0.5,0.5,0.5,6,7936.0,6,227540992.0,6,455081984.0,6,230236160.0,6,0.5,6,5.228706215168738,6,0.0,6,0.04370063183402332,6,0.0546097430002798,6,0.09831037483430312,6,0.045097659676685,6,0.24014114617117835,6,95.87629832111988,6,0.2852388058478634,6,23.666666666666668,6,5.612255395850904,6,0.7503234989648032,6,5430160042.666667,6,5412385224.0,6
niah_single,8192,streaming,0.1,6,0.0,0.0,0.09992439516129033,6,7936.0,6,45473792.0,6,455081984.0,6,47069866.666666664,6,0.09992439516129033,6,5.228706215168738,6,0.0,6,7.011694833636284e-07,6,0.009756117996100025,6,0.009756819165583389,6,0.03400995134143159,6,0.03467422934287848,6,110.64768989226621,6,0.06868418068431008,6,3.8333333333333335,6,5.307147215018631,6,0.0144927536231884,6,5428120234.666667,6,5379133660.0,6
niah_single,8192,streaming,0.2,6,0.3333333333333333,0.0,0.19997479838709678,6,7936.0,6,91004928.0,6,455081984.0,6,92639232.0,6,0.19997479838709678,6,5.228706215168738,6,0.0,6,7.011694833636284e-07,6,0.009795388997493623,6,0.009796090166976986,6,0.035408472501634,6,0.042631472165036634,6,105.22246055370802,6,0.07803994466667064,6,4.5,6,5.316542250002385,6,0.3333333333333333,6,5429971626.666667,6,5412385224.0,6
niah_single,8192,streaming,0.5,6,0.6666666666666666,1.0,0.5,6,7936.0,6,227540992.0,6,455081984.0,6,229528917.33333334,6,0.5,6,5.228706215168738,6,0.0,6,7.011694833636284e-07,6,0.010048465332753645,6,0.010049166502237009,6,0.04500908999762032,6,0.11118022249623512,6,96.03567014468068,6,0.15618931249385545,6,10.833333333333334,6,5.39494469416483,6,0.6666666666666666,6,5429308074.666667,6,5379133660.0,6
niah_single,8192,svdd,0.1,6,0.0,0.0,0.09992439516129033,6,7936.0,6,45473792.0,6,455081984.0,6,47337472.0,6,0.09992439516129033,6,5.228706215168738,6,0.025639437502832152,6,2.436613923496528,6,0.025366826501946587,6,2.4876201875013066,6,0.03236855549524383,6,0.0768328331663118,6,110.69487374014467,6,0.10920138866155564,6,8.5,6,7.8255277913315995,6,0.2573110766045548,6,5429602986.666667,6,5379133660.0,6
niah_single,8192,svdd,0.2,6,0.16666666666666666,0.0,0.19997479838709678,6,7936.0,6,91004928.0,6,455081984.0,6,92973738.66666667,6,0.19997479838709678,6,5.228706215168738,6,0.025639437502832152,6,2.436613923496528,6,0.02798454149645598,6,2.490237902495816,6,0.03529217366788847,6,0.09783148601127323,6,105.85090121761688,6,0.1331236596791617,6,10.5,6,7.8520677773437155,6,0.35746635610766053,6,5427014314.666667,6,5379133660.0,6
niah_single,8192,svdd,0.5,6,0.3333333333333333,0.0,0.5,6,7936.0,6,227540992.0,6,455081984.0,6,229528917.33333334,6,0.5,6,5.228706215168738,6,0.025639437502832152,6,2.436613923496528,6,0.0341536248306511,6,2.4964069858300113,6,0.046855909672255315,6,0.11086318767047487,6,96.15091662770153,6,0.15771909734273018,6,10.833333333333334,6,7.882832298341479,6,0.5857919254658386,6,5428942165.333333,6,5412385224.0,6
niah_single,8192,svdd_prerope,0.1,6,0.0,0.0,0.09992439516129033,6,7936.0,6,45473792.0,6,455081984.0,6,47289685.333333336,6,0.09992439516129033,6,5.228706215168738,6,0.025639437502832152,6,2.4033339166732426,6,0.024609423499593202,6,2.4535827776756682,6,0.03236977817141451,6,0.06926314583203445,6,110.663708992227,6,0.10163292400344896,6,7.666666666666667,6,7.783921916847855,6,0.29386645962732916,6,5429684906.666667,6,5379133660.0,6
niah_single,8192,svdd_prerope,0.2,6,0.16666666666666666,0.0,0.19997479838709678,6,7936.0,6,91004928.0,6,455081984.0,6,93241344.0,6,0.19997479838709678,6,5.228706215168738,6,0.025639437502832152,6,2.4033339166732426,6,0.026791222000611015,6,2.4557645761766858,6,0.03528579866300182,6,0.1410032223405627,6,106.15671441449985,6,0.1762890210035645,6,15.333333333333334,6,7.860759812348988,6,0.4007505175983437,6,5430061738.666667,6,5412385224.0,6
niah_single,8192,svdd_prerope,0.5,6,0.5,0.5,0.5,6,7936.0,6,227540992.0,6,455081984.0,6,229681834.66666666,6,0.5,6,5.228706215168738,6,0.025639437502832152,6,2.4033339166732426,6,0.033122694503011495,6,2.4620960486790864,6,0.045006729332574956,6,0.1386112359953889,6,96.24327707108357,6,0.18361796532796384,6,13.5,6,7.874420229175787,6,0.6147774327122153,6,5429097813.333333,6,5379133660.0,6
