nominal_length,method,budget_fraction,n_cases,score_mean,score_median,actual_retained_fraction_mean,actual_retained_fraction_n,prefix_tokens_mean,prefix_tokens_n,compressed_kv_tensor_bytes_mean,compressed_kv_tensor_bytes_n,full_kv_tensor_bytes_mean,full_kv_tensor_bytes_n,kv_bytes_after_generation_mean,kv_bytes_after_generation_n,kv_tensor_byte_ratio_mean,kv_tensor_byte_ratio_n,prefill_s_mean,prefill_s_n,key_transfer_s_mean,key_transfer_s_n,score_s_mean,score_s_n,selection_and_compaction_s_mean,selection_and_compaction_s_n,compression_overhead_s_mean,compression_overhead_s_n,suffix_ttft_s_mean,suffix_ttft_s_n,decode_s_mean,decode_s_n,decode_tokens_per_s_mean,decode_tokens_per_s_n,generation_s_mean,generation_s_n,generated_tokens_mean,generated_tokens_n,estimated_single_method_total_s_mean,estimated_single_method_total_s_n,needle_token_retention_mean,needle_token_retention_n,process_rss_bytes_mean,process_rss_bytes_n,mlx_peak_bytes_shared_harness_mean,mlx_peak_bytes_shared_harness_n
16384,full,1.0,12,1.0,1.0,1.0,12,16128.0,12,924844032.0,12,924844032.0,12,926994432.0,12,1.0,12,11.974189621500651,12,0.0,12,0.0,12,2.6437495156036068e-05,12,2.6437495156036068e-05,12,0.09793763542014251,12,0.1745330868337381,12,63.37321842773094,12,0.27247072225388064,12,11.0,12,12.246686781249688,12,1.0,12,6728116906.666667,12,6459256806.0,12
16384,keydiff,0.1,12,1.0,1.0,0.09995039682539682,12,16128.0,12,92438528.0,12,924844032.0,12,94627157.33333333,12,0.09995039682539682,12,11.974189621500651,12,0.030996572830190416,12,0.4704995276721699,12,0.11573904858717772,12,0.617235149089538,12,0.035793041744909715,12,0.11030013875521642,12,105.75753103140015,12,0.14609318050012612,12,11.666666666666666,12,12.737517951090316,12,0.5436076604554866,12,6727745536.0,12,6416391581.333333,12
16384,keydiff,0.2,12,1.0,1.0,0.1999627976190476,12,16128.0,12,184934400.0,12,924844032.0,12,187084800.0,12,0.1999627976190476,12,11.974189621500651,12,0.030996572830190416,12,0.4704995276721699,12,0.12011813533657308,12,0.6216142358389334,12,0.042345434172602836,12,0.11163996533772054,12,98.68890720604725,12,0.1539853995103234,12,11.0,12,12.749789256849908,12,0.6635287267080745,12,6728395434.666667,12,6416306140.666667,12
16384,keydiff,0.5,12,1.0,1.0,0.5,12,16128.0,12,462422016.0,12,924844032.0,12,464572416.0,12,0.5,12,11.974189621500651,12,0.030996572830190416,12,0.4704995276721699,12,0.1329139027511701,12,0.6344100032535304,12,0.06203215291558687,12,0.13234915633074706,12,83.13188071674543,12,0.19438130924633393,12,11.0,12,12.802980934000516,12,0.8414693322981365,12,6728441856.0,12,6416306140.666667,12
16384,knorm,0.1,12,0.0,0.0,0.09995039682539682,12,16128.0,12,92438528.0,12,924844032.0,12,94899541.33333333,12,0.09995039682539682,12,11.974189621500651,12,0.030996572830190416,12,0.11729687516344711,12,0.11704191666649422,12,0.26533536466013175,12,0.035830659665710606,12,0.15567979867046233,12,105.18735967884884,12,0.19151045833617295,12,16.75,12,12.431035444496956,12,0.49401526915113875,12,6729180501.333333,12,6459241212.0,12
16384,knorm,0.2,12,0.0,0.0,0.1999627976190476,12,16128.0,12,184934400.0,12,924844032.0,12,187581781.33333334,12,0.1999627976190476,12,11.974189621500651,12,0.030996572830190416,12,0.11729687516344711,12,0.12160450341859057,12,0.2698979514122281,12,0.043093375003081746,12,0.1988724478360382,12,98.70113523621444,12,0.24196582283911994,12,20.0,12,12.486053395752,12,0.6299010093167702,12,6728657578.666667,12,6459241212.0,12
16384,knorm,0.5,12,0.125,0.0,0.5,12,16128.0,12,462422016.0,12,924844032.0,12,464878250.6666667,12,0.5,12,11.974189621500651,12,0.030996572830190416,12,0.11729687516344711,12,0.1326875834177675,12,0.280981031411405,12,0.061936090251644295,12,0.19692480549808047,12,82.96707358644836,12,0.25886089574972476,12,16.583333333333332,12,12.514031548661782,12,0.8296777950310559,12,6728501930.666667,12,6416391581.333333,12
16384,leverage,0.1,12,1.0,1.0,0.09995039682539682,12,16128.0,12,92438528.0,12,924844032.0,12,94588928.0,12,0.09995039682539682,12,11.974189621500651,12,0.030996572830190416,12,0.707798979167516,12,0.12172137150143196,12,0.8605169234991384,12,0.039013871413771994,12,0.10444436108567363,12,105.40842919591176,12,0.14345823249944564,12,11.0,12,12.978164777499236,12,0.46509446169772245,12,6726456661.333333,12,6459241212.0,12
16384,leverage,0.2,12,1.0,1.0,0.1999627976190476,12,16128.0,12,184934400.0,12,924844032.0,12,187084800.0,12,0.1999627976190476,12,11.974189621500651,12,0.030996572830190416,12,0.707798979167516,12,0.1246491735849607,12,0.8634447255826672,12,0.04405407633506305,12,0.11138098958569269,12,98.76520796498512,12,0.15543506592075573,12,11.0,12,12.993069413004074,12,0.6206974637681159,12,6726938624.0,12,6416306140.666667,12
16384,leverage,0.5,12,1.0,1.0,0.5,12,16128.0,12,462422016.0,12,924844032.0,12,464572416.0,12,0.5,12,11.974189621500651,12,0.030996572830190416,12,0.707798979167516,12,0.13413277766570295,12,0.8729283296634094,12,0.06181976041746869,12,0.1321965205812982,12,83.24448387628995,12,0.1940162809987669,12,11.0,12,13.041134232162827,12,0.8421648550724637,12,6728919722.666667,12,6459241212.0,12
16384,random,0.1,12,0.0,0.0,0.09995039682539682,12,16128.0,12,92438528.0,12,924844032.0,12,94522026.66666667,12,0.09995039682539682,12,11.974189621500651,12,0.030996572830190416,12,0.024092659579764586,12,0.12013804541978364,12,0.17522727782973865,12,0.03574855557963019,12,0.09315373608842492,12,105.79949683567118,12,0.1289022916680551,12,9.916666666666666,12,12.278319190998445,12,0.10064052795031055,12,6728912896.0,12,6459241212.0,12
16384,random,0.2,12,0.0,0.0,0.1999627976190476,12,16128.0,12,184934400.0,12,924844032.0,12,186946218.66666666,12,0.1999627976190476,12,11.974189621500651,12,0.030996572830190416,12,0.024092659579764586,12,0.12357822924968787,12,0.17866746165964287,12,0.04224455934066403,12,0.08693877774931025,12,98.68302258361835,12,0.1291833370899743,12,8.583333333333334,12,12.282040420250269,12,0.20149133022774324,12,6728511488.0,12,6459241212.0,12
16384,random,0.5,12,0.25,0.0,0.5,12,16128.0,12,462422016.0,12,924844032.0,12,464773120.0,12,0.5,12,11.974189621500651,12,0.030996572830190416,12,0.024092659579764586,12,0.1349106737446467,12,0.1899999061546017,12,0.06183933324549192,12,0.17428741324692965,12,83.28260374846163,12,0.23612674649242157,12,14.583333333333334,12,12.400316274147675,12,0.49991912525879917,12,6729022122.666667,12,6416391581.333333,12
16384,snapkv,0.1,12,0.0,0.0,0.09995039682539682,12,16128.0,12,92438528.0,12,924844032.0,12,94479018.66666667,12,0.09995039682539682,12,11.974189621500651,12,0.0,12,0.06062502075656084,12,0.10622995474841446,12,0.1668549755049753,12,0.03586314233689336,12,0.08588736807966295,12,105.7495086594513,12,0.12175051041655631,12,9.166666666666666,12,12.262795107422184,12,0.3007084627329193,12,6729173674.666667,12,6416306140.666667,12
16384,snapkv,0.2,12,0.0,0.0,0.1999627976190476,12,16128.0,12,184934400.0,12,924844032.0,12,187189930.66666666,12,0.1999627976190476,12,11.974189621500651,12,0.0,12,0.06062502075656084,12,0.11110739933307438,12,0.1717324200896352,12,0.04330885066641107,12,0.1301758023352401,12,98.63446577438565,12,0.17348465300165117,12,13.0,12,12.319406694591938,12,0.48856431159420305,12,6728796842.666667,12,6416391581.333333,12
16384,snapkv,0.5,12,0.375,0.25,0.5,12,16128.0,12,462422016.0,12,924844032.0,12,464620202.6666667,12,0.5,12,11.974189621500651,12,0.0,12,0.06062502075656084,12,0.12231245833148326,12,0.1829374790880441,12,0.06181102783011738,12,0.14209595825135088,12,83.29615299672723,12,0.20390698608146826,12,11.916666666666666,12,12.361034086670164,12,0.7947075569358177,12,6728342186.666667,12,6459241212.0,12
16384,streaming,0.1,12,0.0,0.0,0.09995039682539682,12,16128.0,12,92438528.0,12,924844032.0,12,94464682.66666667,12,0.09995039682539682,12,11.974189621500651,12,0.0,12,6.424185509483019e-07,12,0.01911959041414472,12,0.019120232832695667,12,0.03684345841368971,12,0.08363942350357927,12,105.70122283439873,12,0.12048288191726897,12,8.916666666666666,12,12.113792736250616,12,0.010869565217391302,12,6728140117.333333,12,6402867162.0,12
16384,streaming,0.2,12,0.3333333333333333,0.25,0.1999627976190476,12,16128.0,12,184934400.0,12,924844032.0,12,187189930.66666666,12,0.1999627976190476,12,11.974189621500651,12,0.0,12,6.424185509483019e-07,12,0.018809159659819368,12,0.018809802078370314,12,0.042089593914473276,12,0.12973885425405265,12,98.80093960714687,12,0.17182844816852594,12,13.0,12,12.164827871747548,12,0.3333333333333333,12,6728698538.666667,12,6459241212.0,12
16384,streaming,0.5,12,0.5833333333333334,0.5,0.5,12,16128.0,12,462422016.0,12,924844032.0,12,464806570.6666667,12,0.5,12,11.974189621500651,12,0.0,12,6.424185509483019e-07,12,0.020726774159508448,12,0.020727416578059394,12,0.06171509366201159,12,0.1813910624162721,12,83.18856817014901,12,0.24310615607828368,12,15.25,12,12.238023194156995,12,0.5833333333333334,12,6728876032.0,12,6459241212.0,12
16384,svdd,0.1,12,0.08333333333333333,0.0,0.09995039682539682,12,16128.0,12,92438528.0,12,924844032.0,12,94846976.0,12,0.09995039682539682,12,11.974189621500651,12,0.030996572830190416,12,4.5388151355073205,12,0.05234785058079675,12,4.622159558918308,12,0.036005801921419334,12,0.14649925683867573,12,105.74653500012876,12,0.18250505876009507,12,15.583333333333334,12,16.778854239179054,12,0.2666925465838509,12,6728688981.333333,12,6416407175.333333,12
16384,svdd,0.2,12,0.25,0.0,0.1999627976190476,12,16128.0,12,184934400.0,12,924844032.0,12,187318954.66666666,12,0.1999627976190476,12,11.974189621500651,12,0.030996572830190416,12,4.5388151355073205,12,0.05732402425201144,12,4.627135732589522,12,0.043300961753023635,12,0.15276405541226268,12,98.65114580204148,12,0.19606501716528632,12,15.25,12,16.79739037125546,12,0.35749870600414074,12,6728807765.333333,12,6459155771.333333,12
16384,svdd,0.5,12,0.5833333333333334,0.5,0.5,12,16128.0,12,462422016.0,12,924844032.0,12,464648874.6666667,12,0.5,12,11.974189621500651,12,0.030996572830190416,12,4.5388151355073205,12,0.07129373250063509,12,4.641105440838146,12,0.061614559082954656,12,0.1487071561665895,12,82.96951153555808,12,0.21032171524954416,12,12.333333333333334,12,16.82561677758834,12,0.626164596273292,12,6728067754.666667,12,6416306140.666667,12
16384,svdd_prerope,0.1,12,0.08333333333333333,0.0,0.09995039682539682,12,16128.0,12,92438528.0,12,924844032.0,12,94713173.33333333,12,0.09995039682539682,12,11.974189621500651,12,0.030996572830190416,12,4.758704583332777,12,0.05138048616451366,12,4.841081642327481,12,0.03656028833211167,12,0.12434793067222927,12,105.94931450626412,12,0.16090821900434094,12,13.25,12,16.976179482832475,12,0.3208624482401656,12,6727525717.333333,12,6416391581.333333,12
16384,svdd_prerope,0.2,12,0.2916666666666667,0.0,0.1999627976190476,12,16128.0,12,184934400.0,12,924844032.0,12,187084800.0,12,0.1999627976190476,12,11.974189621500651,12,0.030996572830190416,12,4.758704583332777,12,0.055067527745753374,12,4.844768683908721,12,0.04206593033207658,12,0.1109414547487783,12,99.1827788838258,12,0.15300738508085487,12,11.0,12,16.971965690490226,12,0.42111477743271214,12,6728039082.666667,12,6416391581.333333,12
16384,svdd_prerope,0.5,12,0.4583333333333333,0.5,0.5,12,16128.0,12,462422016.0,12,924844032.0,12,464672768.0,12,0.5,12,11.974189621500651,12,0.030996572830190416,12,4.758704583332777,12,0.07093892708750597,12,4.860640083250473,12,0.06367038550282207,12,0.15348120482667582,12,83.05856435552177,12,0.2171515903294979,12,12.833333333333334,12,17.051981295080623,12,0.6606172360248447,12,6727464277.333333,12,6459155771.333333,12
32768,full,1.0,12,1.0,1.0,1.0,12,32512.0,12,1864368128.0,12,1864368128.0,12,1866518528.0,12,1.0,12,29.751637451331288,12,0.0,12,0.0,12,2.321515785297379e-05,12,2.321515785297379e-05,12,0.17902457308082376,12,0.2722974445908524,12,40.56302353226738,12,0.4513220176716762,12,11.0,12,30.202982684160816,12,1.0,12,8854751914.666666,12,8451232992.0,12
32768,keydiff,0.1,12,0.9583333333333334,1.0,0.09999384842519683,12,32512.0,12,186425344.0,12,1864368128.0,12,188575744.0,12,0.09999384842519683,12,29.751637451331288,12,0.06651328450485987,12,0.9515293438331961,12,0.24958573266485473,12,1.2676283610029107,12,0.0425505730866765,12,0.11254500700548913,12,98.16280755382375,12,0.15509558009216562,12,11.0,12,31.174361392426363,12,0.5649747670807453,12,8854510250.666666,12,8451232992.0,12
32768,keydiff,0.2,12,1.0,1.0,0.19998769685039366,12,32512.0,12,372850688.0,12,1864368128.0,12,375001088.0,12,0.19998769685039366,12,29.751637451331288,12,0.06651328450485987,12,0.9515293438331961,12,0.25926346882624784,12,1.2773060971643038,12,0.056733069499993384,12,0.12834152441549426,12,85.91116166912711,12,0.18507459391548764,12,11.0,12,31.214018142411078,12,0.681143245341615,12,8850036053.333334,12,8310980086.0,12
32768,keydiff,0.5,12,1.0,1.0,0.5,12,32512.0,12,932184064.0,12,1864368128.0,12,934334464.0,12,0.5,12,29.751637451331288,12,0.06651328450485987,12,0.9515293438331961,12,0.28359105550771346,12,1.3016336838457694,12,0.0984205383307805,12,0.1718800384211742,12,64.1835119661353,12,0.2703005767519547,12,11.0,12,31.32357171192901,12,0.8619306418219462,12,8851004074.666666,12,8451140149.333333,12
32768,knorm,0.1,12,0.0,0.0,0.09999384842519683,12,32512.0,12,186425344.0,12,1864368128.0,12,188599637.33333334,12,0.09999384842519683,12,29.751637451331288,12,0.06651328450485987,12,0.24083009741540687,12,0.25761938207870116,12,0.5649627639989679,12,0.04373729149665451,12,0.11544036792474799,12,98.77019867842021,12,0.1591776594214025,12,11.5,12,30.475777874751657,12,0.5582459886128365,12,8845855402.666666,12,8310544091.333333,12
32768,knorm,0.2,12,0.0,0.0,0.19998769685039366,12,32512.0,12,372850688.0,12,1864368128.0,12,375440725.3333333,12,0.19998769685039366,12,29.751637451331288,12,0.06651328450485987,12,0.24083009741540687,12,0.2627411632517275,12,0.5700845451719943,12,0.0567064860855074,12,0.21522267374530202,12,86.77345865237142,12,0.2719291598308094,12,19.083333333333332,12,30.59365115633409,12,0.682809265010352,12,8857344682.666666,12,8451232992.0,12
32768,knorm,0.5,12,0.041666666666666664,0.0,0.5,12,32512.0,12,932184064.0,12,1864368128.0,12,934573397.3333334,12,0.5,12,29.751637451331288,12,0.06651328450485987,12,0.24083009741540687,12,0.29102166333420126,12,0.598365045254468,12,0.09958160067132364,12,0.2375115381704139,12,63.627683758076635,12,0.3370931388417375,12,15.416666666666666,12,30.687095635427493,12,0.8573531314699793,12,8848237909.333334,12,8451232992.0,12
32768,leverage,0.1,12,1.0,1.0,0.09999384842519683,12,32512.0,12,186425344.0,12,1864368128.0,12,188575744.0,12,0.09999384842519683,12,29.751637451331288,12,0.06651328450485987,12,1.4394733575027203,12,0.26262896532716695,12,1.7686156073347472,12,0.04358381615990462,12,0.11299012824747479,12,97.76158130979285,12,0.1565739444073794,12,11.0,12,31.676827003073413,12,0.5280473602484472,12,8851298986.666666,12,8451140149.333333,12
32768,leverage,0.2,12,1.0,1.0,0.19998769685039366,12,32512.0,12,372850688.0,12,1864368128.0,12,375001088.0,12,0.19998769685039366,12,29.751637451331288,12,0.06651328450485987,12,1.4394733575027203,12,0.2675608264107723,12,1.7735474684183525,12,0.0557185555032144,12,0.1283158785906077,12,86.06054879102214,12,0.1840344340938221,12,11.0,12,31.709219353843462,12,0.6711309523809522,12,8853274624.0,12,8451140149.333333,12
32768,leverage,0.5,12,1.0,1.0,0.5,12,32512.0,12,932184064.0,12,1864368128.0,12,934334464.0,12,0.5,12,29.751637451331288,12,0.06651328450485987,12,1.4394733575027203,12,0.2937709929974517,12,1.799757635005032,12,0.09833054149930831,12,0.1720723022541885,12,64.04766831269646,12,0.2704028437534968,12,11.0,12,31.821797930089815,12,0.863968685300207,12,8849657856.0,12,8367997771.333333,12
32768,random,0.1,12,0.0,0.0,0.09999384842519683,12,32512.0,12,186425344.0,12,1864368128.0,12,188609194.66666666,12,0.09999384842519683,12,29.751637451331288,12,0.06651328450485987,12,0.048191277754085604,12,0.26494045808552374,12,0.37964502034446923,12,0.04394582983028764,12,0.11888937500286072,12,96.73719222351906,12,0.16283520483314837,12,11.833333333333334,12,30.294117676508904,12,0.09805253623188405,12,8847882922.666666,12,8367997771.333333,12
32768,random,0.2,12,0.0,0.0,0.19998769685039366,12,32512.0,12,372850688.0,12,1864368128.0,12,375154005.3333333,12,0.19998769685039366,12,29.751637451331288,12,0.06651328450485987,12,0.048191277754085604,12,0.26988734375481727,12,0.38459190601376275,12,0.05565320125606377,12,0.15866695816415208,12,85.77181486801919,12,0.21432015942021584,12,13.75,12,30.350549516765266,12,0.19689764492753625,12,8852526421.333334,12,8367997771.333333,12
32768,random,0.5,12,0.125,0.0,0.5,12,32512.0,12,932184064.0,12,1864368128.0,12,934511274.6666666,12,0.5,12,29.751637451331288,12,0.06651328450485987,12,0.048191277754085604,12,0.2966192361661039,12,0.41132379842504935,12,0.0974014790772344,12,0.22056047591710617,12,63.8955232244428,12,0.3179619549943406,12,14.25,12,30.480923204750678,12,0.4964576863354037,12,8851464192.0,12,8451140149.333333,12
32768,snapkv,0.1,12,0.0,0.0,0.09999384842519683,12,32512.0,12,186425344.0,12,1864368128.0,12,188699989.33333334,12,0.09999384842519683,12,29.751637451331288,12,0.0,12,0.1056386043370973,12,0.2305804407466591,12,0.3362190450837564,12,0.04249606950664505,12,0.13500841691469154,12,97.82398790977358,12,0.17750448642133657,12,13.333333333333334,12,30.26536098283638,12,0.3734795548654244,12,8854391466.666666,12,8451140149.333333,12
32768,snapkv,0.2,12,0.20833333333333334,0.0,0.19998769685039366,12,32512.0,12,372850688.0,12,1864368128.0,12,374934186.6666667,12,0.19998769685039366,12,29.751637451331288,12,0.0,12,0.1056386043370973,12,0.2380818331706299,12,0.3437204375077272,12,0.0555665349214299,12,0.1150702883314807,12,85.67127242314483,12,0.1706368232529106,12,9.833333333333334,12,30.265994712091924,12,0.5401623964803313,12,8849560917.333334,12,8451232992.0,12
32768,snapkv,0.5,12,0.4166666666666667,0.25,0.5,12,32512.0,12,932184064.0,12,1864368128.0,12,934367914.6666666,12,0.5,12,29.751637451331288,12,0.0,12,0.1056386043370973,12,0.261309190915199,12,0.3669477952522963,12,0.09733776025192735,12,0.1807522395053335,12,64.24363980809596,12,0.27808999975726084,12,11.666666666666666,12,30.396675246340845,12,0.8160261387163561,12,8855803221.333334,12,8451232992.0,12
32768,streaming,0.1,12,0.0,0.0,0.09999384842519683,12,32512.0,12,186425344.0,12,1864368128.0,12,188575744.0,12,0.09999384842519683,12,29.751637451331288,12,0.0,12,6.701690532887975e-07,12,0.03599935416908314,12,0.03600002433813643,12,0.04236218742395673,12,0.11317677107823935,12,97.66718149877899,12,0.1555389585021961,12,11.166666666666666,12,29.94317643417162,12,0.0181159420289855,12,8853340160.0,12,8451232992.0,12
32768,streaming,0.2,12,0.3333333333333333,0.25,0.19998769685039366,12,32512.0,12,372850688.0,12,1864368128.0,12,375139669.3333333,12,0.19998769685039366,12,29.751637451331288,12,0.0,12,6.701690532887975e-07,12,0.03875111808641426,12,0.038751788255467545,12,0.05666923274839064,12,0.15640689933206886,12,85.61798174185192,12,0.2130761320804595,12,13.583333333333334,12,30.003465371667215,12,0.3333333333333333,12,8850913962.666666,12,8451232992.0,12
32768,streaming,0.5,12,0.5833333333333334,0.5,0.5,12,32512.0,12,932184064.0,12,1864368128.0,12,934559061.3333334,12,0.5,12,29.751637451331288,12,0.0,12,6.701690532887975e-07,12,0.043614975751552265,12,0.04361564592060555,12,0.09740812150024188,12,0.23425767708007092,12,63.76324976287153,12,0.3316657985803128,12,15.083333333333334,12,30.126918895832205,12,0.5833333333333334,12,8851507882.666666,12,8451232992.0,12
32768,svdd,0.1,12,0.08333333333333333,0.0,0.09999384842519683,12,32512.0,12,186425344.0,12,1864368128.0,12,188647424.0,12,0.09999384842519683,12,29.751637451331288,12,0.06651328450485987,12,8.897741225582044,12,0.10628656942086916,12,9.070541079507771,12,0.042435288244936,12,0.125619708414888,12,97.57424201950586,12,0.168054996659824,12,12.333333333333334,12,38.99023352749888,12,0.2718361801242236,12,8854945792.0,12,8367997771.333333,12
32768,svdd,0.2,12,0.4166666666666667,0.5,0.19998769685039366,12,32512.0,12,372850688.0,12,1864368128.0,12,375005866.6666667,12,0.19998769685039366,12,29.751637451331288,12,0.06651328450485987,12,8.897741225582044,12,0.12016487841901835,12,9.084419388505921,12,0.05779117700149072,12,0.12824367699310338,12,86.31391833065514,12,0.1860348539945941,12,11.083333333333334,12,39.022091693831804,12,0.3617203674948241,12,8847628970.666666,12,8368090614.0,12
32768,svdd,0.5,12,0.7083333333333334,1.0,0.5,12,32512.0,12,932184064.0,12,1864368128.0,12,934329685.3333334,12,0.5,12,29.751637451331288,12,0.06651328450485987,12,8.897741225582044,12,0.1464988888304409,12,9.110753398917344,12,0.09714414924868227,12,0.1703415973339967,12,64.22316321767069,12,0.267485746582679,12,10.916666666666666,12,39.12987659683131,12,0.6254043737060041,12,8855071402.666666,12,8367997771.333333,12
32768,svdd_prerope,0.1,12,0.125,0.0,0.09999384842519683,12,32512.0,12,186425344.0,12,1864368128.0,12,188532736.0,12,0.09999384842519683,12,29.751637451331288,12,0.06651328450485987,12,9.492999829994611,12,0.10568623283567528,12,9.665199347335147,12,0.04351485408551525,12,0.10383898967120331,12,98.45160666203287,12,0.14735384375671856,12,10.25,12,39.56419064242315,12,0.32066834886128365,12,8847660373.333334,12,8310451248.666667,12
32768,svdd_prerope,0.2,12,0.3333333333333333,0.25,0.19998769685039366,12,32512.0,12,372850688.0,12,1864368128.0,12,375106218.6666667,12,0.19998769685039366,12,29.751637451331288,12,0.06651328450485987,12,9.492999829994611,12,0.11648860065906774,12,9.67600171515854,12,0.05779440974583849,12,0.14977167716763992,12,85.84966247046292,12,0.20756608691347841,12,12.916666666666666,12,39.635205253403306,12,0.4194002329192546,12,8844940629.333334,12,8451140149.333333,12
32768,svdd_prerope,0.5,12,0.5833333333333334,0.5,0.5,12,32512.0,12,932184064.0,12,1864368128.0,12,934458709.3333334,12,0.5,12,29.751637451331288,12,0.06651328450485987,12,9.492999829994611,12,0.14236972558137495,12,9.701882840080847,12,0.09715101399827593,12,0.20551728816887285,12,64.3181669918556,12,0.3026683021671488,12,13.25,12,39.75618859357928,12,0.6603260869565217,12,8854051498.666666,12,8368090614.0,12
8192,full,1.0,12,1.0,1.0,1.0,12,7936.0,12,455081984.0,12,455081984.0,12,457232384.0,12,1.0,12,5.2293854825838935,12,0.0,12,0.0,12,2.3468581881995004e-05,12,2.3468581881995004e-05,12,0.06141212167131016,12,0.13430127424847646,12,82.08988510209325,12,0.19571339591978662,12,11.0,12,5.425122347085562,12,1.0,12,5454180352.0,12,5412983248.0,12
8192,keydiff,0.1,12,1.0,1.0,0.09992439516129033,12,7936.0,12,45473792.0,12,455081984.0,12,47624192.0,12,0.09992439516129033,12,5.2293854825838935,12,0.02150025341446356,12,0.23069765275189033,12,0.05285660774582842,12,0.3050545139121823,12,0.03250565283087781,12,0.09960862490940296,12,110.47297718587974,12,0.13211427774028076,12,11.0,12,5.666554274236357,12,0.5390786749482402,12,5455671296.0,12,5412883577.333333,12
8192,keydiff,0.2,12,1.0,1.0,0.19997479838709678,12,7936.0,12,91004928.0,12,455081984.0,12,93155328.0,12,0.19997479838709678,12,5.2293854825838935,12,0.02150025341446356,12,0.23069765275189033,12,0.05500962841324508,12,0.307207534579599,12,0.03842674299812643,12,0.10387819466510943,12,105.96159405321792,12,0.14230493766323585,12,11.0,12,5.678897954826728,12,0.6695296325051759,12,5453695658.666667,12,5396257795.333333,12
8192,keydiff,0.5,12,1.0,1.0,0.5,12,7936.0,12,227540992.0,12,455081984.0,12,229691392.0,12,0.5,12,5.2293854825838935,12,0.02150025341446356,12,0.23069765275189033,12,0.060490562585376516,12,0.3126884687517304,12,0.04516683700542975,12,0.11494414916766497,12,95.65192129544329,12,0.16011098617309472,12,11.0,12,5.702184937508719,12,0.8473408385093167,12,5455011840.0,12,5396257795.333333,12
8192,knorm,0.1,12,0.0,0.0,0.09992439516129033,12,7936.0,12,45473792.0,12,455081984.0,12,47753216.0,12,0.09992439516129033,12,5.2293854825838935,12,0.02150025341446356,12,0.05783135058300104,12,0.05408246166674265,12,0.13341406566420724,12,0.032413465254649054,12,0.11978725341032259,12,110.86045158975291,12,0.15220071866497165,12,13.416666666666666,12,5.515000266913073,12,0.45983760351966874,12,5455740928.0,12,5412883577.333333,12
8192,knorm,0.2,12,0.0,0.0,0.19997479838709678,12,7936.0,12,91004928.0,12,455081984.0,12,93293909.33333333,12,0.19997479838709678,12,5.2293854825838935,12,0.02150025341446356,12,0.05783135058300104,12,0.05497164933088546,12,0.13430325332835005,12,0.035374437415157445,12,0.12657295483707762,12,105.92852463502356,12,0.16194739225223506,12,13.583333333333334,12,5.525636128164479,12,0.6060914855072465,12,5454974976.0,12,5412883577.333333,12
8192,knorm,0.5,12,0.0,0.0,0.5,12,7936.0,12,227540992.0,12,455081984.0,12,229911210.66666666,12,0.5,12,5.2293854825838935,12,0.02150025341446356,12,0.05783135058300104,12,0.060568802165410794,12,0.13990040616287538,12,0.04503613550332375,12,0.1553390348344692,12,95.69225708178817,12,0.20037517033779295,12,15.083333333333334,12,5.569661059084562,12,0.8148777173913043,12,5455142912.0,12,5396257795.333333,12
8192,leverage,0.1,12,0.9166666666666666,1.0,0.09992439516129033,12,7936.0,12,45473792.0,12,455081984.0,12,47614634.666666664,12,0.09992439516129033,12,5.2293854825838935,12,0.02150025341446356,12,0.34483610058911535,12,0.05500648958938351,12,0.4213428435929624,12,0.03419779507870165,12,0.09790151733371506,12,110.73162160030533,12,0.1320993124124167,12,10.833333333333334,12,5.782827638589272,12,0.44325828157349895,12,5454139392.0,12,5396257795.333333,12
8192,leverage,0.2,12,1.0,1.0,0.19997479838709678,12,7936.0,12,91004928.0,12,455081984.0,12,93155328.0,12,0.19997479838709678,12,5.2293854825838935,12,0.02150025341446356,12,0.34483610058911535,12,0.057016743080263645,12,0.42335309708384256,12,0.03657119441049872,12,0.10406310407900794,12,105.45262381625353,12,0.14063429848950668,12,11.0,12,5.793372878157243,12,0.6059944358178052,12,5453656064.0,12,5396257795.333333,12
8192,leverage,0.5,12,1.0,1.0,0.5,12,7936.0,12,227540992.0,12,455081984.0,12,229691392.0,12,0.5,12,5.2293854825838935,12,0.02150025341446356,12,0.34483610058911535,12,0.0617492742506632,12,0.42808562825424207,12,0.04514468408645674,12,0.11462101716703425,12,96.02979930670249,12,0.159765701253491,12,11.0,12,5.817236812091626,12,0.8414855072463766,12,5454794752.0,12,5396257795.333333,12
8192,random,0.1,12,0.0,0.0,0.09992439516129033,12,7936.0,12,45473792.0,12,455081984.0,12,47509504.0,12,0.09992439516129033,12,5.2293854825838935,12,0.02150025341446356,12,0.01164628833551736,12,0.054885809006615695,12,0.08803235075659661,12,0.032563784746647194,12,0.08133277774807841,12,110.54784662997388,12,0.11389656249472561,12,9.083333333333334,12,5.431314395835216,12,0.09556159420289852,12,5455533397.333333,12,5412883577.333333,12
8192,random,0.2,12,0.0,0.0,0.19997479838709678,12,7936.0,12,91004928.0,12,455081984.0,12,93145770.66666667,12,0.19997479838709678,12,5.2293854825838935,12,0.02150025341446356,12,0.01164628833551736,12,0.05676989925268572,12,0.08991644100266664,12,0.03611835749810174,12,0.10256595842171616,12,105.38492009112893,12,0.1386843159198179,12,10.916666666666666,12,5.457986239506378,12,0.19814311594202896,12,5454830250.666667,12,5396257795.333333,12
8192,random,0.5,12,0.125,0.0,0.5,12,7936.0,12,227540992.0,12,455081984.0,12,230025898.66666666,12,0.5,12,5.2293854825838935,12,0.02150025341446356,12,0.01164628833551736,12,0.06323576708139929,12,0.09638230883138021,12,0.04711438883775069,12,0.17639835400283724,12,95.38851876089252,12,0.22351274284058795,12,17.083333333333332,12,5.549280534255861,12,0.5002587991718427,12,5454378325.333333,12,5396357466.0,12
8192,snapkv,0.1,12,0.0,0.0,0.09992439516129033,12,7936.0,12,45473792.0,12,455081984.0,12,47576405.333333336,12,0.09992439516129033,12,5.2293854825838935,12,0.0,12,0.04458380891931787,12,0.048223204835570264,12,0.09280701375488813,12,0.032531524001872945,12,0.09208472216657053,12,110.26103048780958,12,0.12461624616844347,12,10.333333333333334,12,5.446808742507225,12,0.1528047360248447,12,5454419285.333333,12,5396257795.333333,12
8192,snapkv,0.2,12,0.041666666666666664,0.0,0.19997479838709678,12,7936.0,12,91004928.0,12,455081984.0,12,93231786.66666667,12,0.19997479838709678,12,5.2293854825838935,12,0.0,12,0.04458380891931787,12,0.05041775341669563,12,0.09500156233601349,12,0.03548589925533937,12,0.1165961735775151,12,105.88297231742762,12,0.15208207283285446,12,12.5,12,5.476469117752761,12,0.3348537784679089,12,5454921728.0,12,5412883577.333333,12
8192,snapkv,0.5,12,0.2916666666666667,0.0,0.5,12,7936.0,12,227540992.0,12,455081984.0,12,230145365.33333334,12,0.5,12,5.2293854825838935,12,0.0,12,0.04458380891931787,12,0.05533792699861806,12,0.09992173591793592,12,0.045184448004874866,12,0.19765963208434792,12,95.69290736917257,12,0.24284408008922279,12,19.25,12,5.572151298591052,12,0.7340191511387162,12,5455480149.333333,12,5412983248.0,12
8192,streaming,0.1,12,0.0,0.0,0.09992439516129033,12,7936.0,12,45473792.0,12,455081984.0,12,47342250.666666664,12,0.09992439516129033,12,5.2293854825838935,12,0.0,12,6.76998752169311e-07,12,0.009687878417025786,12,0.009688555415777955,12,0.034412395834806375,12,0.05492088550090557,12,110.6996179634615,12,0.08933328133571194,12,6.083333333333333,12,5.328407319335383,12,0.0181159420289855,12,5453769386.666667,12,5396257795.333333,12
8192,streaming,0.2,12,0.3333333333333333,0.25,0.19997479838709678,12,7936.0,12,91004928.0,12,455081984.0,12,93011968.0,12,0.19997479838709678,12,5.2293854825838935,12,0.0,12,6.76998752169311e-07,12,0.009831062581118507,12,0.009831739579870677,12,0.035463389086847506,12,0.08031888541881926,12,105.56193041532646,12,0.11578227450566676,12,8.5,12,5.354999496669431,12,0.3333333333333333,12,5455503360.0,12,5412883577.333333,12
8192,streaming,0.5,12,0.5833333333333334,0.5,0.5,12,7936.0,12,227540992.0,12,455081984.0,12,229796522.66666666,12,0.5,12,5.2293854825838935,12,0.0,12,6.76998752169311e-07,12,0.010195822998260459,12,0.010196499997012628,12,0.04514221857971279,12,0.13345853141557504,12,96.17698180181311,12,0.17860074999528783,12,12.916666666666666,12,5.418182732576194,12,0.5833333333333334,12,5455166122.666667,12,5396257795.333333,12
8192,svdd,0.1,12,0.041666666666666664,0.0,0.09992439516129033,12,7936.0,12,45473792.0,12,455081984.0,12,47624192.0,12,0.09992439516129033,12,5.2293854825838935,12,0.02150025341446356,12,2.3761716630809437,12,0.02575528816669248,12,2.4234272046620995,12,0.032422888832419026,12,0.09919422899838537,12,110.87096726558025,12,0.1316171178308044,12,11.0,12,7.7844298050767975,12,0.2505014233954451,12,5454983168.0,12,5396257795.333333,12
8192,svdd,0.2,12,0.2916666666666667,0.0,0.19997479838709678,12,7936.0,12,91004928.0,12,455081984.0,12,93250901.33333333,12,0.19997479838709678,12,5.2293854825838935,12,0.02150025341446356,12,2.3761716630809437,12,0.027909201332173932,12,2.4255811178275812,12,0.03536209025090405,12,0.11996752425814823,12,105.7075536855358,12,0.15532961450905228,12,12.75,12,7.810296214920527,12,0.34950828157349895,12,5453691562.666667,12,5396357466.0,12
8192,svdd,0.5,12,0.4583333333333333,0.5,0.5,12,7936.0,12,227540992.0,12,455081984.0,12,229796522.66666666,12,0.5,12,5.2293854825838935,12,0.02150025341446356,12,2.3761716630809437,12,0.034191190660446104,12,2.4318631071558534,12,0.04613611117383698,12,0.13364874308657212,12,96.02090918125988,12,0.1797848542604091,12,12.916666666666666,12,7.841033444000156,12,0.6303862577639753,12,5454957226.666667,12,5412883577.333333,12
8192,svdd_prerope,0.1,12,0.08333333333333333,0.0,0.09992439516129033,12,7936.0,12,45473792.0,12,455081984.0,12,47643306.666666664,12,0.09992439516129033,12,5.2293854825838935,12,0.02150025341446356,12,2.402680955005053,12,0.02467292007834961,12,2.448854128497866,12,0.03254565650422592,12,0.10212253125549371,12,110.8961963873384,12,0.13466818775971964,12,11.333333333333334,12,7.812907798841479,12,0.28954774844720493,12,5455063722.666667,12,5396257795.333333,12
8192,svdd_prerope,0.2,12,0.25,0.0,0.19997479838709678,12,7936.0,12,91004928.0,12,455081984.0,12,93384704.0,12,0.19997479838709678,12,5.2293854825838935,12,0.02150025341446356,12,2.402680955005053,12,0.026909569331716437,12,2.451090777751233,12,0.03538599658107463,12,0.14105612166895298,12,106.2302833662183,12,0.17644211825002762,12,15.166666666666666,12,7.856918378585154,12,0.3967714803312629,12,5454914901.333333,12,5412883577.333333,12
8192,svdd_prerope,0.5,12,0.5416666666666666,0.5,0.5,12,7936.0,12,227540992.0,12,455081984.0,12,229872981.33333334,12,0.5,12,5.2293854825838935,12,0.02150025341446356,12,2.402680955005053,12,0.03346694108525602,12,2.4576481495047724,12,0.045124913413019385,12,0.14742930557986256,12,96.12350501524571,12,0.19255421899288194,12,14.25,12,7.879587851081548,12,0.6568646480331263,12,5455021397.333333,12,5396257795.333333,12
