source,group_type,task,nominal_length,method,budget_fraction,n_cases,score_mean,score_s_mean,needle_token_retention_mean
followup,all,all,,full,1.0,36,1.0,0.0,1.0
followup,all,all,,keydiff,0.1,36,0.9861111111111112,0.5535428841960512,0.549220367494824
followup,all,all,,keydiff,0.2,36,1.0,0.5535428841960512,0.6714005348516218
followup,all,all,,keydiff,0.5,36,1.0,0.5535428841960512,0.8502469375431333
followup,all,all,,leverage,0.1,36,0.9722222222222222,0.8373521862506297,0.4788000345065563
followup,all,all,,leverage,0.2,36,1.0,0.8373521862506297,0.6326076173222912
followup,all,all,,leverage,0.5,36,1.0,0.8373521862506297,0.8492063492063492
followup,all,all,,svdd_decision,0.1,36,0.05555555555555555,11.685874509274274,0.22979748964803312
followup,all,all,,svdd_decision,0.2,36,0.4583333333333333,11.685874509274274,0.42025211352657005
followup,all,all,,svdd_decision,0.5,36,1.0,11.685874509274274,0.7199739044168392
followup,length,all,16384,full,1.0,12,1.0,0.0,1.0
followup,length,all,16384,keydiff,0.1,12,1.0,0.4803521597496001,0.5436076604554866
followup,length,all,16384,keydiff,0.2,12,1.0,0.4803521597496001,0.6635287267080745
followup,length,all,16384,keydiff,0.5,12,1.0,0.4803521597496001,0.8414693322981365
followup,length,all,16384,leverage,0.1,12,1.0,0.7203136491637755,0.46509446169772245
followup,length,all,16384,leverage,0.2,12,1.0,0.7203136491637755,0.6206974637681159
followup,length,all,16384,leverage,0.5,12,1.0,0.7203136491637755,0.8421648550724637
followup,length,all,16384,svdd_decision,0.1,12,0.0,10.198942072915088,0.2338088768115942
followup,length,all,16384,svdd_decision,0.2,12,0.3333333333333333,10.198942072915088,0.42438211697722567
followup,length,all,16384,svdd_decision,0.5,12,1.0,10.198942072915088,0.7181030020703933
followup,length,all,32768,full,1.0,12,1.0,0.0,1.0
followup,length,all,32768,keydiff,0.1,12,0.9583333333333334,0.9536988715020319,0.5649747670807453
followup,length,all,32768,keydiff,0.2,12,1.0,0.9536988715020319,0.681143245341615
followup,length,all,32768,keydiff,0.5,12,1.0,0.9536988715020319,0.8619306418219462
followup,length,all,32768,leverage,0.1,12,1.0,1.446518631836322,0.5280473602484472
followup,length,all,32768,leverage,0.2,12,1.0,1.446518631836322,0.6711309523809522
followup,length,all,32768,leverage,0.5,12,1.0,1.446518631836322,0.863968685300207
followup,length,all,32768,svdd_decision,0.1,12,0.16666666666666666,19.74203337508273,0.2407964544513457
followup,length,all,32768,svdd_decision,0.2,12,0.5833333333333334,19.74203337508273,0.43326216356107666
followup,length,all,32768,svdd_decision,0.5,12,1.0,19.74203337508273,0.7280505952380952
followup,length,all,8192,full,1.0,12,1.0,0.0,1.0
followup,length,all,8192,keydiff,0.1,12,1.0,0.2265776213365219,0.5390786749482402
followup,length,all,8192,keydiff,0.2,12,1.0,0.2265776213365219,0.6695296325051759
followup,length,all,8192,keydiff,0.5,12,1.0,0.2265776213365219,0.8473408385093167
followup,length,all,8192,leverage,0.1,12,0.9166666666666666,0.34522427775179193,0.44325828157349895
followup,length,all,8192,leverage,0.2,12,1.0,0.34522427775179193,0.6059944358178052
followup,length,all,8192,leverage,0.5,12,1.0,0.34522427775179193,0.8414855072463766
followup,length,all,8192,svdd_decision,0.1,12,0.0,5.116648079825002,0.21478713768115942
followup,length,all,8192,svdd_decision,0.2,12,0.4583333333333333,5.116648079825002,0.4031120600414079
followup,length,all,8192,svdd_decision,0.5,12,1.0,5.116648079825002,0.7137681159420292
followup,task,niah_multi,,full,1.0,18,1.0,0.0,1.0
followup,task,niah_multi,,keydiff,0.1,18,0.9722222222222222,0.5547598610541576,0.5412892512077295
followup,task,niah_multi,,keydiff,0.2,18,1.0,0.5547598610541576,0.6684566942719116
followup,task,niah_multi,,keydiff,0.5,18,1.0,0.5547598610541576,0.8576496721877158
followup,task,niah_multi,,leverage,0.1,18,0.9444444444444444,0.8377238680550363,0.4788000345065563
followup,task,niah_multi,,leverage,0.2,18,1.0,0.8377238680550363,0.6329041580400276
followup,task,niah_multi,,leverage,0.5,18,1.0,0.8377238680550363,0.8492926155969633
followup,task,niah_multi,,svdd_decision,0.1,18,0.0,11.686571173549359,0.22963034851621808
followup,task,niah_multi,,svdd_decision,0.2,18,0.5833333333333334,11.686571173549359,0.4217887336093858
followup,task,niah_multi,,svdd_decision,0.5,18,1.0,11.686571173549359,0.7271933229813665
followup,task,niah_single,,full,1.0,18,1.0,0.0,1.0
followup,task,niah_single,,keydiff,0.1,18,1.0,0.552325907337945,0.5571514837819186
followup,task,niah_single,,keydiff,0.2,18,1.0,0.552325907337945,0.674344375431332
followup,task,niah_single,,keydiff,0.5,18,1.0,0.552325907337945,0.8428442028985507
followup,task,niah_single,,leverage,0.1,18,1.0,0.8369805044462232,0.47880003450655617
followup,task,niah_single,,leverage,0.2,18,1.0,0.8369805044462232,0.6323110766045548
followup,task,niah_single,,leverage,0.5,18,1.0,0.8369805044462232,0.8491200828157349
followup,task,niah_single,,svdd_decision,0.1,18,0.1111111111111111,11.68517784499919,0.22996463077984813
followup,task,niah_single,,svdd_decision,0.2,18,0.3333333333333333,11.68517784499919,0.41871549344375425
followup,task,niah_single,,svdd_decision,0.5,18,1.0,11.68517784499919,0.712754485852312
followup,task_length,niah_multi,16384,full,1.0,6,1.0,0.0,1.0
followup,task_length,niah_multi,16384,keydiff,0.1,6,1.0,0.4807574098328284,0.540243271221532
followup,task_length,niah_multi,16384,keydiff,0.2,6,1.0,0.4807574098328284,0.6644668737060041
followup,task_length,niah_multi,16384,keydiff,0.5,6,1.0,0.4807574098328284,0.8525815217391304
followup,task_length,niah_multi,16384,leverage,0.1,6,1.0,0.7205087914965892,0.4710144927536231
followup,task_length,niah_multi,16384,leverage,0.2,6,1.0,0.7205087914965892,0.6275232919254659
followup,task_length,niah_multi,16384,leverage,0.5,6,1.0,0.7205087914965892,0.8478260869565218
followup,task_length,niah_multi,16384,svdd_decision,0.1,6,0.0,10.178986513831964,0.2369629917184265
followup,task_length,niah_multi,16384,svdd_decision,0.2,6,0.5,10.178986513831964,0.43384446169772256
followup,task_length,niah_multi,16384,svdd_decision,0.5,6,1.0,10.178986513831964,0.731625258799172
followup,task_length,niah_multi,32768,full,1.0,6,1.0,0.0,1.0
followup,task_length,niah_multi,32768,keydiff,0.1,6,0.9166666666666666,0.9507659999993242,0.553603778467909
followup,task_length,niah_multi,32768,keydiff,0.2,6,1.0,0.9507659999993242,0.672457298136646
followup,task_length,niah_multi,32768,keydiff,0.5,6,1.0,0.9507659999993242,0.8654244306418218
followup,task_length,niah_multi,32768,leverage,0.1,6,1.0,1.4445475486669845,0.5258152173913043
followup,task_length,niah_multi,32768,leverage,0.2,6,1.0,1.4445475486669845,0.6677018633540373
followup,task_length,niah_multi,32768,leverage,0.5,6,1.0,1.4445475486669845,0.8610248447204968
followup,task_length,niah_multi,32768,svdd_decision,0.1,6,0.0,19.695603694490273,0.23929218426501034
followup,task_length,niah_multi,32768,svdd_decision,0.2,6,0.6666666666666666,19.695603694490273,0.43348861283643886
followup,task_length,niah_multi,32768,svdd_decision,0.5,6,1.0,19.695603694490273,0.7328222049689441
followup,task_length,niah_multi,8192,full,1.0,6,1.0,0.0,1.0
followup,task_length,niah_multi,8192,keydiff,0.1,6,1.0,0.23275617333032037,0.5300207039337473
followup,task_length,niah_multi,8192,keydiff,0.2,6,1.0,0.23275617333032037,0.6684459109730848
followup,task_length,niah_multi,8192,keydiff,0.5,6,1.0,0.23275617333032037,0.8549430641821947
followup,task_length,niah_multi,8192,leverage,0.1,6,0.8333333333333334,0.34811526400153525,0.4395703933747412
followup,task_length,niah_multi,8192,leverage,0.2,6,1.0,0.34811526400153525,0.6034873188405797
followup,task_length,niah_multi,8192,leverage,0.5,6,1.0,0.34811526400153525,0.8390269151138717
followup,task_length,niah_multi,8192,svdd_decision,0.1,6,0.0,5.185123312325838,0.21263586956521738
followup,task_length,niah_multi,8192,svdd_decision,0.2,6,0.5833333333333334,5.185123312325838,0.39803312629399584
followup,task_length,niah_multi,8192,svdd_decision,0.5,6,1.0,5.185123312325838,0.7171325051759835
followup,task_length,niah_single,16384,full,1.0,6,1.0,0.0,1.0
followup,task_length,niah_single,16384,keydiff,0.1,6,1.0,0.4799469096663718,0.546972049689441
followup,task_length,niah_single,16384,keydiff,0.2,6,1.0,0.4799469096663718,0.6625905797101449
followup,task_length,niah_single,16384,keydiff,0.5,6,1.0,0.4799469096663718,0.8303571428571428
followup,task_length,niah_single,16384,leverage,0.1,6,1.0,0.7201185068309618,0.45917443064182195
followup,task_length,niah_single,16384,leverage,0.2,6,1.0,0.7201185068309618,0.613871635610766
followup,task_length,niah_single,16384,leverage,0.5,6,1.0,0.7201185068309618,0.8365036231884059
followup,task_length,niah_single,16384,svdd_decision,0.1,6,0.0,10.218897631998212,0.2306547619047619
followup,task_length,niah_single,16384,svdd_decision,0.2,6,0.16666666666666666,10.218897631998212,0.41491977225672877
followup,task_length,niah_single,16384,svdd_decision,0.5,6,1.0,10.218897631998212,0.704580745341615
followup,task_length,niah_single,32768,full,1.0,6,1.0,0.0,1.0
followup,task_length,niah_single,32768,keydiff,0.1,6,1.0,0.9566317430047396,0.5763457556935818
followup,task_length,niah_single,32768,keydiff,0.2,6,1.0,0.9566317430047396,0.6898291925465837
followup,task_length,niah_single,32768,keydiff,0.5,6,1.0,0.9566317430047396,0.8584368530020704
followup,task_length,niah_single,32768,leverage,0.1,6,1.0,1.4484897150056593,0.5302795031055901
followup,task_length,niah_single,32768,leverage,0.2,6,1.0,1.4484897150056593,0.6745600414078674
followup,task_length,niah_single,32768,leverage,0.5,6,1.0,1.4484897150056593,0.8669125258799171
followup,task_length,niah_single,32768,svdd_decision,0.1,6,0.3333333333333333,19.78846305567519,0.24230072463768113
followup,task_length,niah_single,32768,svdd_decision,0.2,6,0.5,19.78846305567519,0.43303571428571425
followup,task_length,niah_single,32768,svdd_decision,0.5,6,1.0,19.78846305567519,0.7232789855072465
followup,task_length,niah_single,8192,full,1.0,6,1.0,0.0,1.0
followup,task_length,niah_single,8192,keydiff,0.1,6,1.0,0.22039906934272344,0.5481366459627329
followup,task_length,niah_single,8192,keydiff,0.2,6,1.0,0.22039906934272344,0.670613354037267
followup,task_length,niah_single,8192,keydiff,0.5,6,1.0,0.22039906934272344,0.839738612836439
followup,task_length,niah_single,8192,leverage,0.1,6,1.0,0.34233329150204855,0.4469461697722567
followup,task_length,niah_single,8192,leverage,0.2,6,1.0,0.34233329150204855,0.608501552795031
followup,task_length,niah_single,8192,leverage,0.5,6,1.0,0.34233329150204855,0.843944099378882
followup,task_length,niah_single,8192,svdd_decision,0.1,6,0.0,5.048172847324167,0.2169384057971014
followup,task_length,niah_single,8192,svdd_decision,0.2,6,0.3333333333333333,5.048172847324167,0.4081909937888199
followup,task_length,niah_single,8192,svdd_decision,0.5,6,1.0,5.048172847324167,0.7104037267080745
original_pilot,all,all,,svdd,0.1,36,0.06944444444444445,5.2709093413901025,0.2630100500345066
original_pilot,all,all,,svdd,0.2,36,0.3194444444444444,5.2709093413901025,0.35624245169082125
original_pilot,all,all,,svdd,0.5,36,0.5833333333333334,5.2709093413901025,0.6273184092477571
original_pilot,length,all,16384,svdd,0.1,12,0.08333333333333333,4.5388151355073205,0.2666925465838509
original_pilot,length,all,16384,svdd,0.2,12,0.25,4.5388151355073205,0.35749870600414074
original_pilot,length,all,16384,svdd,0.5,12,0.5833333333333334,4.5388151355073205,0.626164596273292
original_pilot,length,all,32768,svdd,0.1,12,0.08333333333333333,8.897741225582044,0.2718361801242236
original_pilot,length,all,32768,svdd,0.2,12,0.4166666666666667,8.897741225582044,0.3617203674948241
original_pilot,length,all,32768,svdd,0.5,12,0.7083333333333334,8.897741225582044,0.6254043737060041
original_pilot,length,all,8192,svdd,0.1,12,0.041666666666666664,2.3761716630809437,0.2505014233954451
original_pilot,length,all,8192,svdd,0.2,12,0.2916666666666667,2.3761716630809437,0.34950828157349895
original_pilot,length,all,8192,svdd,0.5,12,0.4583333333333333,2.3761716630809437,0.6303862577639753
original_pilot,task,niah_multi,,svdd,0.1,18,0.1388888888888889,5.252869106447583,0.26202337819185645
original_pilot,task,niah_multi,,svdd,0.2,18,0.4166666666666667,5.252869106447583,0.35337948585231194
original_pilot,task,niah_multi,,svdd,0.5,18,0.6666666666666666,5.252869106447583,0.6791752933057281
original_pilot,task,niah_single,,svdd,0.1,18,0.0,5.288949576332622,0.2639967218771566
original_pilot,task,niah_single,,svdd,0.2,18,0.2222222222222222,5.288949576332622,0.35910541752933056
original_pilot,task,niah_single,,svdd,0.5,18,0.5,5.288949576332622,0.5754615251897861
original_pilot,task_length,niah_multi,16384,svdd,0.1,6,0.16666666666666666,4.549050548846329,0.2710274327122153
original_pilot,task_length,niah_multi,16384,svdd,0.2,6,0.3333333333333333,4.549050548846329,0.36212474120082816
original_pilot,task_length,niah_multi,16384,svdd,0.5,6,0.6666666666666666,4.549050548846329,0.6815476190476192
original_pilot,task_length,niah_multi,32768,svdd,0.1,6,0.16666666666666666,8.89382736783106,0.2713509316770186
original_pilot,task_length,niah_multi,32768,svdd,0.2,6,0.5,8.89382736783106,0.35646350931677023
original_pilot,task_length,niah_multi,32768,svdd,0.5,6,0.75,8.89382736783106,0.6809976708074533
original_pilot,task_length,niah_multi,8192,svdd,0.1,6,0.08333333333333333,2.3157294026653594,0.2436917701863354
original_pilot,task_length,niah_multi,8192,svdd,0.2,6,0.4166666666666667,2.3157294026653594,0.3415502070393375
original_pilot,task_length,niah_multi,8192,svdd,0.5,6,0.5833333333333334,2.3157294026653594,0.6749805900621118
original_pilot,task_length,niah_single,16384,svdd,0.1,6,0.0,4.528579722168312,0.26235766045548653
original_pilot,task_length,niah_single,16384,svdd,0.2,6,0.16666666666666666,4.528579722168312,0.3528726708074534
original_pilot,task_length,niah_single,16384,svdd,0.5,6,0.5,4.528579722168312,0.5707815734989649
original_pilot,task_length,niah_single,32768,svdd,0.1,6,0.0,8.901655083333026,0.2723214285714286
original_pilot,task_length,niah_single,32768,svdd,0.2,6,0.3333333333333333,8.901655083333026,0.3669772256728778
original_pilot,task_length,niah_single,32768,svdd,0.5,6,0.6666666666666666,8.901655083333026,0.5698110766045548
original_pilot,task_length,niah_single,8192,svdd,0.1,6,0.0,2.436613923496528,0.2573110766045548
original_pilot,task_length,niah_single,8192,svdd,0.2,6,0.16666666666666666,2.436613923496528,0.35746635610766053
original_pilot,task_length,niah_single,8192,svdd,0.5,6,0.3333333333333333,2.436613923496528,0.5857919254658386
