case_id,task,nominal_length,method,budget_fraction,original_score,followup_score,score_delta,score_agrees,prediction_agrees
niah_single_8192_s17_d0.1,niah_single,8192,leverage,0.1,1.0,1.0,0.0,True,True
niah_single_8192_s17_d0.1,niah_single,8192,full,1.0,1.0,1.0,0.0,True,True
niah_single_8192_s17_d0.1,niah_single,8192,keydiff,0.2,1.0,1.0,0.0,True,True
niah_single_8192_s17_d0.1,niah_single,8192,leverage,0.5,1.0,1.0,0.0,True,True
niah_single_8192_s17_d0.1,niah_single,8192,keydiff,0.1,1.0,1.0,0.0,True,True
niah_single_8192_s17_d0.1,niah_single,8192,keydiff,0.5,1.0,1.0,0.0,True,True
niah_single_8192_s17_d0.1,niah_single,8192,leverage,0.2,1.0,1.0,0.0,True,True
niah_single_8192_s17_d0.5,niah_single,8192,full,1.0,1.0,1.0,0.0,True,True
niah_single_8192_s17_d0.5,niah_single,8192,keydiff,0.1,1.0,1.0,0.0,True,True
niah_single_8192_s17_d0.5,niah_single,8192,keydiff,0.5,1.0,1.0,0.0,True,True
niah_single_8192_s17_d0.5,niah_single,8192,keydiff,0.2,1.0,1.0,0.0,True,True
niah_single_8192_s17_d0.5,niah_single,8192,leverage,0.2,1.0,1.0,0.0,True,True
niah_single_8192_s17_d0.5,niah_single,8192,leverage,0.5,1.0,1.0,0.0,True,True
niah_single_8192_s17_d0.5,niah_single,8192,leverage,0.1,1.0,1.0,0.0,True,True
niah_single_8192_s17_d0.9,niah_single,8192,leverage,0.5,1.0,1.0,0.0,True,True
niah_single_8192_s17_d0.9,niah_single,8192,keydiff,0.2,1.0,1.0,0.0,True,True
niah_single_8192_s17_d0.9,niah_single,8192,keydiff,0.5,1.0,1.0,0.0,True,True
niah_single_8192_s17_d0.9,niah_single,8192,leverage,0.1,1.0,1.0,0.0,True,True
niah_single_8192_s17_d0.9,niah_single,8192,keydiff,0.1,1.0,1.0,0.0,True,True
niah_single_8192_s17_d0.9,niah_single,8192,leverage,0.2,1.0,1.0,0.0,True,True
niah_single_8192_s17_d0.9,niah_single,8192,full,1.0,1.0,1.0,0.0,True,True
niah_single_8192_s29_d0.1,niah_single,8192,keydiff,0.1,1.0,1.0,0.0,True,True
niah_single_8192_s29_d0.1,niah_single,8192,keydiff,0.5,1.0,1.0,0.0,True,True
niah_single_8192_s29_d0.1,niah_single,8192,full,1.0,1.0,1.0,0.0,True,True
niah_single_8192_s29_d0.1,niah_single,8192,leverage,0.2,1.0,1.0,0.0,True,True
niah_single_8192_s29_d0.1,niah_single,8192,leverage,0.5,1.0,1.0,0.0,True,True
niah_single_8192_s29_d0.1,niah_single,8192,keydiff,0.2,1.0,1.0,0.0,True,True
niah_single_8192_s29_d0.1,niah_single,8192,leverage,0.1,1.0,1.0,0.0,True,True
niah_single_8192_s29_d0.5,niah_single,8192,full,1.0,1.0,1.0,0.0,True,True
niah_single_8192_s29_d0.5,niah_single,8192,keydiff,0.1,1.0,1.0,0.0,True,True
niah_single_8192_s29_d0.5,niah_single,8192,keydiff,0.2,1.0,1.0,0.0,True,True
niah_single_8192_s29_d0.5,niah_single,8192,leverage,0.1,1.0,1.0,0.0,True,True
niah_single_8192_s29_d0.5,niah_single,8192,leverage,0.2,1.0,1.0,0.0,True,True
niah_single_8192_s29_d0.5,niah_single,8192,keydiff,0.5,1.0,1.0,0.0,True,True
niah_single_8192_s29_d0.5,niah_single,8192,leverage,0.5,1.0,1.0,0.0,True,True
niah_single_8192_s29_d0.9,niah_single,8192,keydiff,0.1,1.0,1.0,0.0,True,True
niah_single_8192_s29_d0.9,niah_single,8192,leverage,0.5,1.0,1.0,0.0,True,True
niah_single_8192_s29_d0.9,niah_single,8192,leverage,0.1,1.0,1.0,0.0,True,True
niah_single_8192_s29_d0.9,niah_single,8192,keydiff,0.5,1.0,1.0,0.0,True,True
niah_single_8192_s29_d0.9,niah_single,8192,full,1.0,1.0,1.0,0.0,True,True
niah_single_8192_s29_d0.9,niah_single,8192,keydiff,0.2,1.0,1.0,0.0,True,True
niah_single_8192_s29_d0.9,niah_single,8192,leverage,0.2,1.0,1.0,0.0,True,True
niah_multi_8192_s17_d0.1,niah_multi,8192,leverage,0.1,1.0,1.0,0.0,True,True
niah_multi_8192_s17_d0.1,niah_multi,8192,leverage,0.2,1.0,1.0,0.0,True,True
niah_multi_8192_s17_d0.1,niah_multi,8192,keydiff,0.2,1.0,1.0,0.0,True,True
niah_multi_8192_s17_d0.1,niah_multi,8192,keydiff,0.5,1.0,1.0,0.0,True,True
niah_multi_8192_s17_d0.1,niah_multi,8192,leverage,0.5,1.0,1.0,0.0,True,True
niah_multi_8192_s17_d0.1,niah_multi,8192,full,1.0,1.0,1.0,0.0,True,True
niah_multi_8192_s17_d0.1,niah_multi,8192,keydiff,0.1,1.0,1.0,0.0,True,True
niah_multi_8192_s17_d0.5,niah_multi,8192,keydiff,0.1,1.0,1.0,0.0,True,True
niah_multi_8192_s17_d0.5,niah_multi,8192,leverage,0.1,1.0,1.0,0.0,True,True
niah_multi_8192_s17_d0.5,niah_multi,8192,leverage,0.2,1.0,1.0,0.0,True,True
niah_multi_8192_s17_d0.5,niah_multi,8192,full,1.0,1.0,1.0,0.0,True,True
niah_multi_8192_s17_d0.5,niah_multi,8192,keydiff,0.2,1.0,1.0,0.0,True,True
niah_multi_8192_s17_d0.5,niah_multi,8192,leverage,0.5,1.0,1.0,0.0,True,True
niah_multi_8192_s17_d0.5,niah_multi,8192,keydiff,0.5,1.0,1.0,0.0,True,True
niah_multi_8192_s17_d0.9,niah_multi,8192,keydiff,0.2,1.0,1.0,0.0,True,True
niah_multi_8192_s17_d0.9,niah_multi,8192,keydiff,0.1,1.0,1.0,0.0,True,True
niah_multi_8192_s17_d0.9,niah_multi,8192,leverage,0.2,1.0,1.0,0.0,True,True
niah_multi_8192_s17_d0.9,niah_multi,8192,leverage,0.1,1.0,1.0,0.0,True,True
niah_multi_8192_s17_d0.9,niah_multi,8192,leverage,0.5,1.0,1.0,0.0,True,True
niah_multi_8192_s17_d0.9,niah_multi,8192,full,1.0,1.0,1.0,0.0,True,True
niah_multi_8192_s17_d0.9,niah_multi,8192,keydiff,0.5,1.0,1.0,0.0,True,True
niah_multi_8192_s29_d0.1,niah_multi,8192,leverage,0.1,0.5,0.5,0.0,True,True
niah_multi_8192_s29_d0.1,niah_multi,8192,keydiff,0.1,1.0,1.0,0.0,True,True
niah_multi_8192_s29_d0.1,niah_multi,8192,leverage,0.2,1.0,1.0,0.0,True,True
niah_multi_8192_s29_d0.1,niah_multi,8192,keydiff,0.2,1.0,1.0,0.0,True,True
niah_multi_8192_s29_d0.1,niah_multi,8192,full,1.0,1.0,1.0,0.0,True,True
niah_multi_8192_s29_d0.1,niah_multi,8192,leverage,0.5,1.0,1.0,0.0,True,True
niah_multi_8192_s29_d0.1,niah_multi,8192,keydiff,0.5,1.0,1.0,0.0,True,True
niah_multi_8192_s29_d0.5,niah_multi,8192,leverage,0.2,1.0,1.0,0.0,True,True
niah_multi_8192_s29_d0.5,niah_multi,8192,leverage,0.1,0.5,0.5,0.0,True,True
niah_multi_8192_s29_d0.5,niah_multi,8192,leverage,0.5,1.0,1.0,0.0,True,True
niah_multi_8192_s29_d0.5,niah_multi,8192,keydiff,0.2,1.0,1.0,0.0,True,True
niah_multi_8192_s29_d0.5,niah_multi,8192,full,1.0,1.0,1.0,0.0,True,True
niah_multi_8192_s29_d0.5,niah_multi,8192,keydiff,0.5,1.0,1.0,0.0,True,True
niah_multi_8192_s29_d0.5,niah_multi,8192,keydiff,0.1,1.0,1.0,0.0,True,True
niah_multi_8192_s29_d0.9,niah_multi,8192,leverage,0.5,1.0,1.0,0.0,True,True
niah_multi_8192_s29_d0.9,niah_multi,8192,keydiff,0.2,1.0,1.0,0.0,True,True
niah_multi_8192_s29_d0.9,niah_multi,8192,keydiff,0.1,1.0,1.0,0.0,True,True
niah_multi_8192_s29_d0.9,niah_multi,8192,keydiff,0.5,1.0,1.0,0.0,True,True
niah_multi_8192_s29_d0.9,niah_multi,8192,full,1.0,1.0,1.0,0.0,True,True
niah_multi_8192_s29_d0.9,niah_multi,8192,leverage,0.2,1.0,1.0,0.0,True,True
niah_multi_8192_s29_d0.9,niah_multi,8192,leverage,0.1,1.0,1.0,0.0,True,True
niah_single_16384_s17_d0.1,niah_single,16384,leverage,0.5,1.0,1.0,0.0,True,True
niah_single_16384_s17_d0.1,niah_single,16384,leverage,0.1,1.0,1.0,0.0,True,True
niah_single_16384_s17_d0.1,niah_single,16384,full,1.0,1.0,1.0,0.0,True,True
niah_single_16384_s17_d0.1,niah_single,16384,keydiff,0.5,1.0,1.0,0.0,True,True
niah_single_16384_s17_d0.1,niah_single,16384,keydiff,0.1,1.0,1.0,0.0,True,True
niah_single_16384_s17_d0.1,niah_single,16384,keydiff,0.2,1.0,1.0,0.0,True,True
niah_single_16384_s17_d0.1,niah_single,16384,leverage,0.2,1.0,1.0,0.0,True,True
niah_single_16384_s17_d0.5,niah_single,16384,keydiff,0.5,1.0,1.0,0.0,True,True
niah_single_16384_s17_d0.5,niah_single,16384,leverage,0.1,1.0,1.0,0.0,True,True
niah_single_16384_s17_d0.5,niah_single,16384,keydiff,0.2,1.0,1.0,0.0,True,True
niah_single_16384_s17_d0.5,niah_single,16384,leverage,0.5,1.0,1.0,0.0,True,True
niah_single_16384_s17_d0.5,niah_single,16384,full,1.0,1.0,1.0,0.0,True,True
niah_single_16384_s17_d0.5,niah_single,16384,keydiff,0.1,1.0,1.0,0.0,True,True
niah_single_16384_s17_d0.5,niah_single,16384,leverage,0.2,1.0,1.0,0.0,True,True
niah_single_16384_s17_d0.9,niah_single,16384,keydiff,0.1,1.0,1.0,0.0,True,True
niah_single_16384_s17_d0.9,niah_single,16384,keydiff,0.2,1.0,1.0,0.0,True,True
niah_single_16384_s17_d0.9,niah_single,16384,leverage,0.5,1.0,1.0,0.0,True,True
niah_single_16384_s17_d0.9,niah_single,16384,leverage,0.2,1.0,1.0,0.0,True,True
niah_single_16384_s17_d0.9,niah_single,16384,keydiff,0.5,1.0,1.0,0.0,True,True
niah_single_16384_s17_d0.9,niah_single,16384,leverage,0.1,1.0,1.0,0.0,True,True
niah_single_16384_s17_d0.9,niah_single,16384,full,1.0,1.0,1.0,0.0,True,True
niah_single_16384_s29_d0.1,niah_single,16384,keydiff,0.1,1.0,1.0,0.0,True,True
niah_single_16384_s29_d0.1,niah_single,16384,keydiff,0.2,1.0,1.0,0.0,True,True
niah_single_16384_s29_d0.1,niah_single,16384,full,1.0,1.0,1.0,0.0,True,True
niah_single_16384_s29_d0.1,niah_single,16384,leverage,0.5,1.0,1.0,0.0,True,True
niah_single_16384_s29_d0.1,niah_single,16384,leverage,0.1,1.0,1.0,0.0,True,True
niah_single_16384_s29_d0.1,niah_single,16384,leverage,0.2,1.0,1.0,0.0,True,True
niah_single_16384_s29_d0.1,niah_single,16384,keydiff,0.5,1.0,1.0,0.0,True,True
niah_single_16384_s29_d0.5,niah_single,16384,keydiff,0.2,1.0,1.0,0.0,True,True
niah_single_16384_s29_d0.5,niah_single,16384,leverage,0.5,1.0,1.0,0.0,True,True
niah_single_16384_s29_d0.5,niah_single,16384,leverage,0.2,1.0,1.0,0.0,True,True
niah_single_16384_s29_d0.5,niah_single,16384,full,1.0,1.0,1.0,0.0,True,True
niah_single_16384_s29_d0.5,niah_single,16384,leverage,0.1,1.0,1.0,0.0,True,True
niah_single_16384_s29_d0.5,niah_single,16384,keydiff,0.5,1.0,1.0,0.0,True,True
niah_single_16384_s29_d0.5,niah_single,16384,keydiff,0.1,1.0,1.0,0.0,True,True
niah_single_16384_s29_d0.9,niah_single,16384,leverage,0.1,1.0,1.0,0.0,True,True
niah_single_16384_s29_d0.9,niah_single,16384,keydiff,0.2,1.0,1.0,0.0,True,True
niah_single_16384_s29_d0.9,niah_single,16384,leverage,0.5,1.0,1.0,0.0,True,True
niah_single_16384_s29_d0.9,niah_single,16384,leverage,0.2,1.0,1.0,0.0,True,True
niah_single_16384_s29_d0.9,niah_single,16384,keydiff,0.1,1.0,1.0,0.0,True,True
niah_single_16384_s29_d0.9,niah_single,16384,full,1.0,1.0,1.0,0.0,True,True
niah_single_16384_s29_d0.9,niah_single,16384,keydiff,0.5,1.0,1.0,0.0,True,True
niah_multi_16384_s17_d0.1,niah_multi,16384,full,1.0,1.0,1.0,0.0,True,True
niah_multi_16384_s17_d0.1,niah_multi,16384,keydiff,0.1,1.0,1.0,0.0,True,True
niah_multi_16384_s17_d0.1,niah_multi,16384,keydiff,0.5,1.0,1.0,0.0,True,True
niah_multi_16384_s17_d0.1,niah_multi,16384,leverage,0.1,1.0,1.0,0.0,True,True
niah_multi_16384_s17_d0.1,niah_multi,16384,leverage,0.5,1.0,1.0,0.0,True,True
niah_multi_16384_s17_d0.1,niah_multi,16384,keydiff,0.2,1.0,1.0,0.0,True,True
niah_multi_16384_s17_d0.1,niah_multi,16384,leverage,0.2,1.0,1.0,0.0,True,True
niah_multi_16384_s17_d0.5,niah_multi,16384,leverage,0.5,1.0,1.0,0.0,True,True
niah_multi_16384_s17_d0.5,niah_multi,16384,keydiff,0.1,1.0,1.0,0.0,True,True
niah_multi_16384_s17_d0.5,niah_multi,16384,leverage,0.1,1.0,1.0,0.0,True,True
niah_multi_16384_s17_d0.5,niah_multi,16384,keydiff,0.5,1.0,1.0,0.0,True,True
niah_multi_16384_s17_d0.5,niah_multi,16384,leverage,0.2,1.0,1.0,0.0,True,True
niah_multi_16384_s17_d0.5,niah_multi,16384,full,1.0,1.0,1.0,0.0,True,True
niah_multi_16384_s17_d0.5,niah_multi,16384,keydiff,0.2,1.0,1.0,0.0,True,True
niah_multi_16384_s17_d0.9,niah_multi,16384,keydiff,0.1,1.0,1.0,0.0,True,True
niah_multi_16384_s17_d0.9,niah_multi,16384,leverage,0.2,1.0,1.0,0.0,True,True
niah_multi_16384_s17_d0.9,niah_multi,16384,keydiff,0.5,1.0,1.0,0.0,True,True
niah_multi_16384_s17_d0.9,niah_multi,16384,leverage,0.1,1.0,1.0,0.0,True,True
niah_multi_16384_s17_d0.9,niah_multi,16384,keydiff,0.2,1.0,1.0,0.0,True,True
niah_multi_16384_s17_d0.9,niah_multi,16384,full,1.0,1.0,1.0,0.0,True,True
niah_multi_16384_s17_d0.9,niah_multi,16384,leverage,0.5,1.0,1.0,0.0,True,True
niah_multi_16384_s29_d0.1,niah_multi,16384,leverage,0.2,1.0,1.0,0.0,True,True
niah_multi_16384_s29_d0.1,niah_multi,16384,keydiff,0.5,1.0,1.0,0.0,True,True
niah_multi_16384_s29_d0.1,niah_multi,16384,full,1.0,1.0,1.0,0.0,True,True
niah_multi_16384_s29_d0.1,niah_multi,16384,leverage,0.5,1.0,1.0,0.0,True,True
niah_multi_16384_s29_d0.1,niah_multi,16384,keydiff,0.2,1.0,1.0,0.0,True,True
niah_multi_16384_s29_d0.1,niah_multi,16384,keydiff,0.1,1.0,1.0,0.0,True,True
niah_multi_16384_s29_d0.1,niah_multi,16384,leverage,0.1,1.0,1.0,0.0,True,True
niah_multi_16384_s29_d0.5,niah_multi,16384,full,1.0,1.0,1.0,0.0,True,True
niah_multi_16384_s29_d0.5,niah_multi,16384,leverage,0.5,1.0,1.0,0.0,True,True
niah_multi_16384_s29_d0.5,niah_multi,16384,keydiff,0.2,1.0,1.0,0.0,True,True
niah_multi_16384_s29_d0.5,niah_multi,16384,leverage,0.1,1.0,1.0,0.0,True,True
niah_multi_16384_s29_d0.5,niah_multi,16384,keydiff,0.1,1.0,1.0,0.0,True,True
niah_multi_16384_s29_d0.5,niah_multi,16384,keydiff,0.5,1.0,1.0,0.0,True,True
niah_multi_16384_s29_d0.5,niah_multi,16384,leverage,0.2,1.0,1.0,0.0,True,True
niah_multi_16384_s29_d0.9,niah_multi,16384,keydiff,0.2,1.0,1.0,0.0,True,True
niah_multi_16384_s29_d0.9,niah_multi,16384,leverage,0.5,1.0,1.0,0.0,True,True
niah_multi_16384_s29_d0.9,niah_multi,16384,leverage,0.2,1.0,1.0,0.0,True,True
niah_multi_16384_s29_d0.9,niah_multi,16384,keydiff,0.5,1.0,1.0,0.0,True,True
niah_multi_16384_s29_d0.9,niah_multi,16384,leverage,0.1,1.0,1.0,0.0,True,True
niah_multi_16384_s29_d0.9,niah_multi,16384,full,1.0,1.0,1.0,0.0,True,True
niah_multi_16384_s29_d0.9,niah_multi,16384,keydiff,0.1,1.0,1.0,0.0,True,True
niah_single_32768_s17_d0.1,niah_single,32768,full,1.0,1.0,1.0,0.0,True,True
niah_single_32768_s17_d0.1,niah_single,32768,leverage,0.5,1.0,1.0,0.0,True,True
niah_single_32768_s17_d0.1,niah_single,32768,leverage,0.2,1.0,1.0,0.0,True,True
niah_single_32768_s17_d0.1,niah_single,32768,keydiff,0.1,1.0,1.0,0.0,True,True
niah_single_32768_s17_d0.1,niah_single,32768,leverage,0.1,1.0,1.0,0.0,True,True
niah_single_32768_s17_d0.1,niah_single,32768,keydiff,0.2,1.0,1.0,0.0,True,True
niah_single_32768_s17_d0.1,niah_single,32768,keydiff,0.5,1.0,1.0,0.0,True,True
niah_single_32768_s17_d0.5,niah_single,32768,leverage,0.1,1.0,1.0,0.0,True,True
niah_single_32768_s17_d0.5,niah_single,32768,leverage,0.2,1.0,1.0,0.0,True,True
niah_single_32768_s17_d0.5,niah_single,32768,keydiff,0.2,1.0,1.0,0.0,True,True
niah_single_32768_s17_d0.5,niah_single,32768,keydiff,0.5,1.0,1.0,0.0,True,True
niah_single_32768_s17_d0.5,niah_single,32768,leverage,0.5,1.0,1.0,0.0,True,True
niah_single_32768_s17_d0.5,niah_single,32768,keydiff,0.1,1.0,1.0,0.0,True,True
niah_single_32768_s17_d0.5,niah_single,32768,full,1.0,1.0,1.0,0.0,True,True
niah_single_32768_s17_d0.9,niah_single,32768,leverage,0.2,1.0,1.0,0.0,True,True
niah_single_32768_s17_d0.9,niah_single,32768,keydiff,0.2,1.0,1.0,0.0,True,True
niah_single_32768_s17_d0.9,niah_single,32768,keydiff,0.5,1.0,1.0,0.0,True,True
niah_single_32768_s17_d0.9,niah_single,32768,leverage,0.5,1.0,1.0,0.0,True,True
niah_single_32768_s17_d0.9,niah_single,32768,leverage,0.1,1.0,1.0,0.0,True,True
niah_single_32768_s17_d0.9,niah_single,32768,keydiff,0.1,1.0,1.0,0.0,True,True
niah_single_32768_s17_d0.9,niah_single,32768,full,1.0,1.0,1.0,0.0,True,True
niah_single_32768_s29_d0.1,niah_single,32768,leverage,0.5,1.0,1.0,0.0,True,True
niah_single_32768_s29_d0.1,niah_single,32768,keydiff,0.5,1.0,1.0,0.0,True,True
niah_single_32768_s29_d0.1,niah_single,32768,keydiff,0.1,1.0,1.0,0.0,True,True
niah_single_32768_s29_d0.1,niah_single,32768,keydiff,0.2,1.0,1.0,0.0,True,True
niah_single_32768_s29_d0.1,niah_single,32768,leverage,0.1,1.0,1.0,0.0,True,True
niah_single_32768_s29_d0.1,niah_single,32768,full,1.0,1.0,1.0,0.0,True,True
niah_single_32768_s29_d0.1,niah_single,32768,leverage,0.2,1.0,1.0,0.0,True,True
niah_single_32768_s29_d0.5,niah_single,32768,leverage,0.1,1.0,1.0,0.0,True,True
niah_single_32768_s29_d0.5,niah_single,32768,leverage,0.2,1.0,1.0,0.0,True,True
niah_single_32768_s29_d0.5,niah_single,32768,keydiff,0.5,1.0,1.0,0.0,True,True
niah_single_32768_s29_d0.5,niah_single,32768,keydiff,0.1,1.0,1.0,0.0,True,True
niah_single_32768_s29_d0.5,niah_single,32768,leverage,0.5,1.0,1.0,0.0,True,True
niah_single_32768_s29_d0.5,niah_single,32768,keydiff,0.2,1.0,1.0,0.0,True,True
niah_single_32768_s29_d0.5,niah_single,32768,full,1.0,1.0,1.0,0.0,True,True
niah_single_32768_s29_d0.9,niah_single,32768,keydiff,0.1,1.0,1.0,0.0,True,True
niah_single_32768_s29_d0.9,niah_single,32768,leverage,0.1,1.0,1.0,0.0,True,True
niah_single_32768_s29_d0.9,niah_single,32768,full,1.0,1.0,1.0,0.0,True,True
niah_single_32768_s29_d0.9,niah_single,32768,keydiff,0.5,1.0,1.0,0.0,True,True
niah_single_32768_s29_d0.9,niah_single,32768,keydiff,0.2,1.0,1.0,0.0,True,True
niah_single_32768_s29_d0.9,niah_single,32768,leverage,0.2,1.0,1.0,0.0,True,True
niah_single_32768_s29_d0.9,niah_single,32768,leverage,0.5,1.0,1.0,0.0,True,True
niah_multi_32768_s17_d0.1,niah_multi,32768,full,1.0,1.0,1.0,0.0,True,True
niah_multi_32768_s17_d0.1,niah_multi,32768,leverage,0.5,1.0,1.0,0.0,True,True
niah_multi_32768_s17_d0.1,niah_multi,32768,leverage,0.2,1.0,1.0,0.0,True,True
niah_multi_32768_s17_d0.1,niah_multi,32768,leverage,0.1,1.0,1.0,0.0,True,True
niah_multi_32768_s17_d0.1,niah_multi,32768,keydiff,0.1,1.0,1.0,0.0,True,True
niah_multi_32768_s17_d0.1,niah_multi,32768,keydiff,0.5,1.0,1.0,0.0,True,True
niah_multi_32768_s17_d0.1,niah_multi,32768,keydiff,0.2,1.0,1.0,0.0,True,True
niah_multi_32768_s17_d0.5,niah_multi,32768,full,1.0,1.0,1.0,0.0,True,True
niah_multi_32768_s17_d0.5,niah_multi,32768,leverage,0.1,1.0,1.0,0.0,True,True
niah_multi_32768_s17_d0.5,niah_multi,32768,keydiff,0.5,1.0,1.0,0.0,True,True
niah_multi_32768_s17_d0.5,niah_multi,32768,leverage,0.5,1.0,1.0,0.0,True,True
niah_multi_32768_s17_d0.5,niah_multi,32768,keydiff,0.1,0.5,0.5,0.0,True,True
niah_multi_32768_s17_d0.5,niah_multi,32768,keydiff,0.2,1.0,1.0,0.0,True,True
niah_multi_32768_s17_d0.5,niah_multi,32768,leverage,0.2,1.0,1.0,0.0,True,True
niah_multi_32768_s17_d0.9,niah_multi,32768,leverage,0.5,1.0,1.0,0.0,True,True
niah_multi_32768_s17_d0.9,niah_multi,32768,leverage,0.2,1.0,1.0,0.0,True,True
niah_multi_32768_s17_d0.9,niah_multi,32768,leverage,0.1,1.0,1.0,0.0,True,True
niah_multi_32768_s17_d0.9,niah_multi,32768,keydiff,0.1,1.0,1.0,0.0,True,True
niah_multi_32768_s17_d0.9,niah_multi,32768,full,1.0,1.0,1.0,0.0,True,True
niah_multi_32768_s17_d0.9,niah_multi,32768,keydiff,0.5,1.0,1.0,0.0,True,True
niah_multi_32768_s17_d0.9,niah_multi,32768,keydiff,0.2,1.0,1.0,0.0,True,True
niah_multi_32768_s29_d0.1,niah_multi,32768,full,1.0,1.0,1.0,0.0,True,True
niah_multi_32768_s29_d0.1,niah_multi,32768,keydiff,0.2,1.0,1.0,0.0,True,True
niah_multi_32768_s29_d0.1,niah_multi,32768,keydiff,0.1,1.0,1.0,0.0,True,True
niah_multi_32768_s29_d0.1,niah_multi,32768,leverage,0.2,1.0,1.0,0.0,True,True
niah_multi_32768_s29_d0.1,niah_multi,32768,leverage,0.1,1.0,1.0,0.0,True,True
niah_multi_32768_s29_d0.1,niah_multi,32768,keydiff,0.5,1.0,1.0,0.0,True,True
niah_multi_32768_s29_d0.1,niah_multi,32768,leverage,0.5,1.0,1.0,0.0,True,True
niah_multi_32768_s29_d0.5,niah_multi,32768,leverage,0.2,1.0,1.0,0.0,True,True
niah_multi_32768_s29_d0.5,niah_multi,32768,keydiff,0.5,1.0,1.0,0.0,True,True
niah_multi_32768_s29_d0.5,niah_multi,32768,keydiff,0.2,1.0,1.0,0.0,True,True
niah_multi_32768_s29_d0.5,niah_multi,32768,full,1.0,1.0,1.0,0.0,True,True
niah_multi_32768_s29_d0.5,niah_multi,32768,keydiff,0.1,1.0,1.0,0.0,True,True
niah_multi_32768_s29_d0.5,niah_multi,32768,leverage,0.5,1.0,1.0,0.0,True,True
niah_multi_32768_s29_d0.5,niah_multi,32768,leverage,0.1,1.0,1.0,0.0,True,True
niah_multi_32768_s29_d0.9,niah_multi,32768,leverage,0.5,1.0,1.0,0.0,True,True
niah_multi_32768_s29_d0.9,niah_multi,32768,leverage,0.2,1.0,1.0,0.0,True,True
niah_multi_32768_s29_d0.9,niah_multi,32768,full,1.0,1.0,1.0,0.0,True,True
niah_multi_32768_s29_d0.9,niah_multi,32768,keydiff,0.2,1.0,1.0,0.0,True,True
niah_multi_32768_s29_d0.9,niah_multi,32768,keydiff,0.1,1.0,1.0,0.0,True,True
niah_multi_32768_s29_d0.9,niah_multi,32768,keydiff,0.5,1.0,1.0,0.0,True,True
niah_multi_32768_s29_d0.9,niah_multi,32768,leverage,0.1,1.0,1.0,0.0,True,True
