group_type,task,nominal_length,method,baseline,baseline_source,budget_fraction,baseline_budget_fraction,n_pairs,decision_score_mean,baseline_score_mean,score_delta_mean,bootstrap_ci95_low,bootstrap_ci95_high,wins,ties,losses,bootstrap_reps,bootstrap_seed,bootstrap_unit
all,all,,svdd_decision,full,followup,0.1,1.0,36,0.05555555555555555,1.0,-0.9444444444444444,-1.0,-0.8611111111111112,0,2,34,2000,20260927,case
all,all,,svdd_decision,keydiff,followup,0.1,0.1,36,0.05555555555555555,0.9861111111111112,-0.9305555555555556,-1.0,-0.8472222222222222,0,2,34,2000,20260927,case
all,all,,svdd_decision,leverage,followup,0.1,0.1,36,0.05555555555555555,0.9722222222222222,-0.9166666666666666,-0.9861111111111112,-0.8194444444444444,0,2,34,2000,20260927,case
all,all,,svdd_decision,svdd,original_pilot,0.1,0.1,36,0.05555555555555555,0.06944444444444445,-0.013888888888888888,-0.1111111111111111,0.09722222222222222,2,29,5,2000,20260927,case
all,all,,svdd_decision,full,followup,0.2,1.0,36,0.4583333333333333,1.0,-0.5416666666666666,-0.6666666666666666,-0.4166666666666667,0,10,26,2000,20260927,case
all,all,,svdd_decision,keydiff,followup,0.2,0.2,36,0.4583333333333333,1.0,-0.5416666666666666,-0.6805555555555556,-0.4166666666666667,0,10,26,2000,20260927,case
all,all,,svdd_decision,leverage,followup,0.2,0.2,36,0.4583333333333333,1.0,-0.5416666666666666,-0.6805555555555556,-0.4027777777777778,0,10,26,2000,20260927,case
all,all,,svdd_decision,svdd,original_pilot,0.2,0.2,36,0.4583333333333333,0.3194444444444444,0.1388888888888889,0.041666666666666664,0.25,9,26,1,2000,20260927,case
all,all,,svdd_decision,full,followup,0.5,1.0,36,1.0,1.0,0.0,0.0,0.0,0,36,0,2000,20260927,case
all,all,,svdd_decision,keydiff,followup,0.5,0.5,36,1.0,1.0,0.0,0.0,0.0,0,36,0,2000,20260927,case
all,all,,svdd_decision,leverage,followup,0.5,0.5,36,1.0,1.0,0.0,0.0,0.0,0,36,0,2000,20260927,case
all,all,,svdd_decision,svdd,original_pilot,0.5,0.5,36,1.0,0.5833333333333334,0.4166666666666667,0.2916666666666667,0.5416666666666666,21,15,0,2000,20260927,case
length,all,16384,svdd_decision,full,followup,0.1,1.0,12,0.0,1.0,-1.0,-1.0,-1.0,0,0,12,2000,20260927,case
length,all,16384,svdd_decision,keydiff,followup,0.1,0.1,12,0.0,1.0,-1.0,-1.0,-1.0,0,0,12,2000,20260927,case
length,all,16384,svdd_decision,leverage,followup,0.1,0.1,12,0.0,1.0,-1.0,-1.0,-1.0,0,0,12,2000,20260927,case
length,all,16384,svdd_decision,svdd,original_pilot,0.1,0.1,12,0.0,0.08333333333333333,-0.08333333333333333,-0.20833333333333334,0.0,0,10,2,2000,20260927,case
length,all,16384,svdd_decision,full,followup,0.2,1.0,12,0.3333333333333333,1.0,-0.6666666666666666,-0.8333333333333334,-0.4583333333333333,0,1,11,2000,20260927,case
length,all,16384,svdd_decision,keydiff,followup,0.2,0.2,12,0.3333333333333333,1.0,-0.6666666666666666,-0.8333333333333334,-0.5,0,1,11,2000,20260927,case
length,all,16384,svdd_decision,leverage,followup,0.2,0.2,12,0.3333333333333333,1.0,-0.6666666666666666,-0.8333333333333334,-0.5,0,1,11,2000,20260927,case
length,all,16384,svdd_decision,svdd,original_pilot,0.2,0.2,12,0.3333333333333333,0.25,0.08333333333333333,0.0,0.20833333333333334,2,10,0,2000,20260927,case
length,all,16384,svdd_decision,full,followup,0.5,1.0,12,1.0,1.0,0.0,0.0,0.0,0,12,0,2000,20260927,case
length,all,16384,svdd_decision,keydiff,followup,0.5,0.5,12,1.0,1.0,0.0,0.0,0.0,0,12,0,2000,20260927,case
length,all,16384,svdd_decision,leverage,followup,0.5,0.5,12,1.0,1.0,0.0,0.0,0.0,0,12,0,2000,20260927,case
length,all,16384,svdd_decision,svdd,original_pilot,0.5,0.5,12,1.0,0.5833333333333334,0.4166666666666667,0.20833333333333334,0.6666666666666666,7,5,0,2000,20260927,case
length,all,32768,svdd_decision,full,followup,0.1,1.0,12,0.16666666666666666,1.0,-0.8333333333333334,-1.0,-0.5833333333333334,0,2,10,2000,20260927,case
length,all,32768,svdd_decision,keydiff,followup,0.1,0.1,12,0.16666666666666666,0.9583333333333334,-0.7916666666666666,-1.0,-0.5416666666666666,0,2,10,2000,20260927,case
length,all,32768,svdd_decision,leverage,followup,0.1,0.1,12,0.16666666666666666,1.0,-0.8333333333333334,-1.0,-0.5833333333333334,0,2,10,2000,20260927,case
length,all,32768,svdd_decision,svdd,original_pilot,0.1,0.1,12,0.16666666666666666,0.08333333333333333,0.08333333333333333,-0.16666666666666666,0.3333333333333333,2,8,2,2000,20260927,case
length,all,32768,svdd_decision,full,followup,0.2,1.0,12,0.5833333333333334,1.0,-0.4166666666666667,-0.6666666666666666,-0.20833333333333334,0,5,7,2000,20260927,case
length,all,32768,svdd_decision,keydiff,followup,0.2,0.2,12,0.5833333333333334,1.0,-0.4166666666666667,-0.6666666666666666,-0.20833333333333334,0,5,7,2000,20260927,case
length,all,32768,svdd_decision,leverage,followup,0.2,0.2,12,0.5833333333333334,1.0,-0.4166666666666667,-0.625,-0.16666666666666666,0,5,7,2000,20260927,case
length,all,32768,svdd_decision,svdd,original_pilot,0.2,0.2,12,0.5833333333333334,0.4166666666666667,0.16666666666666666,0.0,0.375,3,9,0,2000,20260927,case
length,all,32768,svdd_decision,full,followup,0.5,1.0,12,1.0,1.0,0.0,0.0,0.0,0,12,0,2000,20260927,case
length,all,32768,svdd_decision,keydiff,followup,0.5,0.5,12,1.0,1.0,0.0,0.0,0.0,0,12,0,2000,20260927,case
length,all,32768,svdd_decision,leverage,followup,0.5,0.5,12,1.0,1.0,0.0,0.0,0.0,0,12,0,2000,20260927,case
length,all,32768,svdd_decision,svdd,original_pilot,0.5,0.5,12,1.0,0.7083333333333334,0.2916666666666667,0.08333333333333333,0.5416666666666666,5,7,0,2000,20260927,case
length,all,8192,svdd_decision,full,followup,0.1,1.0,12,0.0,1.0,-1.0,-1.0,-1.0,0,0,12,2000,20260927,case
length,all,8192,svdd_decision,keydiff,followup,0.1,0.1,12,0.0,1.0,-1.0,-1.0,-1.0,0,0,12,2000,20260927,case
length,all,8192,svdd_decision,leverage,followup,0.1,0.1,12,0.0,0.9166666666666666,-0.9166666666666666,-1.0,-0.7916666666666666,0,0,12,2000,20260927,case
length,all,8192,svdd_decision,svdd,original_pilot,0.1,0.1,12,0.0,0.041666666666666664,-0.041666666666666664,-0.125,0.0,0,11,1,2000,20260927,case
length,all,8192,svdd_decision,full,followup,0.2,1.0,12,0.4583333333333333,1.0,-0.5416666666666666,-0.7916666666666666,-0.2916666666666667,0,4,8,2000,20260927,case
length,all,8192,svdd_decision,keydiff,followup,0.2,0.2,12,0.4583333333333333,1.0,-0.5416666666666666,-0.7916666666666666,-0.2916666666666667,0,4,8,2000,20260927,case
length,all,8192,svdd_decision,leverage,followup,0.2,0.2,12,0.4583333333333333,1.0,-0.5416666666666666,-0.7916666666666666,-0.2916666666666667,0,4,8,2000,20260927,case
length,all,8192,svdd_decision,svdd,original_pilot,0.2,0.2,12,0.4583333333333333,0.2916666666666667,0.16666666666666666,-0.041666666666666664,0.375,4,7,1,2000,20260927,case
length,all,8192,svdd_decision,full,followup,0.5,1.0,12,1.0,1.0,0.0,0.0,0.0,0,12,0,2000,20260927,case
length,all,8192,svdd_decision,keydiff,followup,0.5,0.5,12,1.0,1.0,0.0,0.0,0.0,0,12,0,2000,20260927,case
length,all,8192,svdd_decision,leverage,followup,0.5,0.5,12,1.0,1.0,0.0,0.0,0.0,0,12,0,2000,20260927,case
length,all,8192,svdd_decision,svdd,original_pilot,0.5,0.5,12,1.0,0.4583333333333333,0.5416666666666666,0.3333333333333333,0.75,9,3,0,2000,20260927,case
task,niah_multi,,svdd_decision,full,followup,0.1,1.0,18,0.0,1.0,-1.0,-1.0,-1.0,0,0,18,2000,20260927,case
task,niah_multi,,svdd_decision,keydiff,followup,0.1,0.1,18,0.0,0.9722222222222222,-0.9722222222222222,-1.0,-0.9166666666666666,0,0,18,2000,20260927,case
task,niah_multi,,svdd_decision,leverage,followup,0.1,0.1,18,0.0,0.9444444444444444,-0.9444444444444444,-1.0,-0.8611111111111112,0,0,18,2000,20260927,case
task,niah_multi,,svdd_decision,svdd,original_pilot,0.1,0.1,18,0.0,0.1388888888888889,-0.1388888888888889,-0.25,-0.05555555555555555,0,13,5,2000,20260927,case
task,niah_multi,,svdd_decision,full,followup,0.2,1.0,18,0.5833333333333334,1.0,-0.4166666666666667,-0.5277777777777778,-0.3055555555555556,0,4,14,2000,20260927,case
task,niah_multi,,svdd_decision,keydiff,followup,0.2,0.2,18,0.5833333333333334,1.0,-0.4166666666666667,-0.5277777777777778,-0.3055555555555556,0,4,14,2000,20260927,case
task,niah_multi,,svdd_decision,leverage,followup,0.2,0.2,18,0.5833333333333334,1.0,-0.4166666666666667,-0.5277777777777778,-0.3055555555555556,0,4,14,2000,20260927,case
task,niah_multi,,svdd_decision,svdd,original_pilot,0.2,0.2,18,0.5833333333333334,0.4166666666666667,0.16666666666666666,0.027777777777777776,0.3055555555555556,7,10,1,2000,20260927,case
task,niah_multi,,svdd_decision,full,followup,0.5,1.0,18,1.0,1.0,0.0,0.0,0.0,0,18,0,2000,20260927,case
task,niah_multi,,svdd_decision,keydiff,followup,0.5,0.5,18,1.0,1.0,0.0,0.0,0.0,0,18,0,2000,20260927,case
task,niah_multi,,svdd_decision,leverage,followup,0.5,0.5,18,1.0,1.0,0.0,0.0,0.0,0,18,0,2000,20260927,case
task,niah_multi,,svdd_decision,svdd,original_pilot,0.5,0.5,18,1.0,0.6666666666666666,0.3333333333333333,0.2222222222222222,0.4444444444444444,12,6,0,2000,20260927,case
task,niah_single,,svdd_decision,full,followup,0.1,1.0,18,0.1111111111111111,1.0,-0.8888888888888888,-1.0,-0.7222222222222222,0,2,16,2000,20260927,case
task,niah_single,,svdd_decision,keydiff,followup,0.1,0.1,18,0.1111111111111111,1.0,-0.8888888888888888,-1.0,-0.7222222222222222,0,2,16,2000,20260927,case
task,niah_single,,svdd_decision,leverage,followup,0.1,0.1,18,0.1111111111111111,1.0,-0.8888888888888888,-1.0,-0.7222222222222222,0,2,16,2000,20260927,case
task,niah_single,,svdd_decision,svdd,original_pilot,0.1,0.1,18,0.1111111111111111,0.0,0.1111111111111111,0.0,0.2777777777777778,2,16,0,2000,20260927,case
task,niah_single,,svdd_decision,full,followup,0.2,1.0,18,0.3333333333333333,1.0,-0.6666666666666666,-0.8888888888888888,-0.4444444444444444,0,6,12,2000,20260927,case
task,niah_single,,svdd_decision,keydiff,followup,0.2,0.2,18,0.3333333333333333,1.0,-0.6666666666666666,-0.8888888888888888,-0.4444444444444444,0,6,12,2000,20260927,case
task,niah_single,,svdd_decision,leverage,followup,0.2,0.2,18,0.3333333333333333,1.0,-0.6666666666666666,-0.8888888888888888,-0.4444444444444444,0,6,12,2000,20260927,case
task,niah_single,,svdd_decision,svdd,original_pilot,0.2,0.2,18,0.3333333333333333,0.2222222222222222,0.1111111111111111,0.0,0.2777777777777778,2,16,0,2000,20260927,case
task,niah_single,,svdd_decision,full,followup,0.5,1.0,18,1.0,1.0,0.0,0.0,0.0,0,18,0,2000,20260927,case
task,niah_single,,svdd_decision,keydiff,followup,0.5,0.5,18,1.0,1.0,0.0,0.0,0.0,0,18,0,2000,20260927,case
task,niah_single,,svdd_decision,leverage,followup,0.5,0.5,18,1.0,1.0,0.0,0.0,0.0,0,18,0,2000,20260927,case
task,niah_single,,svdd_decision,svdd,original_pilot,0.5,0.5,18,1.0,0.5,0.5,0.2777777777777778,0.7222222222222222,9,9,0,2000,20260927,case
task_length,niah_multi,16384,svdd_decision,full,followup,0.1,1.0,6,0.0,1.0,-1.0,-1.0,-1.0,0,0,6,2000,20260927,case
task_length,niah_multi,16384,svdd_decision,keydiff,followup,0.1,0.1,6,0.0,1.0,-1.0,-1.0,-1.0,0,0,6,2000,20260927,case
task_length,niah_multi,16384,svdd_decision,leverage,followup,0.1,0.1,6,0.0,1.0,-1.0,-1.0,-1.0,0,0,6,2000,20260927,case
task_length,niah_multi,16384,svdd_decision,svdd,original_pilot,0.1,0.1,6,0.0,0.16666666666666666,-0.16666666666666666,-0.3333333333333333,0.0,0,4,2,2000,20260927,case
task_length,niah_multi,16384,svdd_decision,full,followup,0.2,1.0,6,0.5,1.0,-0.5,-0.5,-0.5,0,0,6,2000,20260927,case
task_length,niah_multi,16384,svdd_decision,keydiff,followup,0.2,0.2,6,0.5,1.0,-0.5,-0.5,-0.5,0,0,6,2000,20260927,case
task_length,niah_multi,16384,svdd_decision,leverage,followup,0.2,0.2,6,0.5,1.0,-0.5,-0.5,-0.5,0,0,6,2000,20260927,case
task_length,niah_multi,16384,svdd_decision,svdd,original_pilot,0.2,0.2,6,0.5,0.3333333333333333,0.16666666666666666,0.0,0.3333333333333333,2,4,0,2000,20260927,case
task_length,niah_multi,16384,svdd_decision,full,followup,0.5,1.0,6,1.0,1.0,0.0,0.0,0.0,0,6,0,2000,20260927,case
task_length,niah_multi,16384,svdd_decision,keydiff,followup,0.5,0.5,6,1.0,1.0,0.0,0.0,0.0,0,6,0,2000,20260927,case
task_length,niah_multi,16384,svdd_decision,leverage,followup,0.5,0.5,6,1.0,1.0,0.0,0.0,0.0,0,6,0,2000,20260927,case
task_length,niah_multi,16384,svdd_decision,svdd,original_pilot,0.5,0.5,6,1.0,0.6666666666666666,0.3333333333333333,0.16666666666666666,0.5,4,2,0,2000,20260927,case
task_length,niah_multi,32768,svdd_decision,full,followup,0.1,1.0,6,0.0,1.0,-1.0,-1.0,-1.0,0,0,6,2000,20260927,case
task_length,niah_multi,32768,svdd_decision,keydiff,followup,0.1,0.1,6,0.0,0.9166666666666666,-0.9166666666666666,-1.0,-0.75,0,0,6,2000,20260927,case
task_length,niah_multi,32768,svdd_decision,leverage,followup,0.1,0.1,6,0.0,1.0,-1.0,-1.0,-1.0,0,0,6,2000,20260927,case
task_length,niah_multi,32768,svdd_decision,svdd,original_pilot,0.1,0.1,6,0.0,0.16666666666666666,-0.16666666666666666,-0.3333333333333333,0.0,0,4,2,2000,20260927,case
task_length,niah_multi,32768,svdd_decision,full,followup,0.2,1.0,6,0.6666666666666666,1.0,-0.3333333333333333,-0.5,-0.16666666666666666,0,2,4,2000,20260927,case
task_length,niah_multi,32768,svdd_decision,keydiff,followup,0.2,0.2,6,0.6666666666666666,1.0,-0.3333333333333333,-0.5,-0.16666666666666666,0,2,4,2000,20260927,case
task_length,niah_multi,32768,svdd_decision,leverage,followup,0.2,0.2,6,0.6666666666666666,1.0,-0.3333333333333333,-0.5,-0.16666666666666666,0,2,4,2000,20260927,case
task_length,niah_multi,32768,svdd_decision,svdd,original_pilot,0.2,0.2,6,0.6666666666666666,0.5,0.16666666666666666,0.0,0.3333333333333333,2,4,0,2000,20260927,case
task_length,niah_multi,32768,svdd_decision,full,followup,0.5,1.0,6,1.0,1.0,0.0,0.0,0.0,0,6,0,2000,20260927,case
task_length,niah_multi,32768,svdd_decision,keydiff,followup,0.5,0.5,6,1.0,1.0,0.0,0.0,0.0,0,6,0,2000,20260927,case
task_length,niah_multi,32768,svdd_decision,leverage,followup,0.5,0.5,6,1.0,1.0,0.0,0.0,0.0,0,6,0,2000,20260927,case
task_length,niah_multi,32768,svdd_decision,svdd,original_pilot,0.5,0.5,6,1.0,0.75,0.25,0.08333333333333333,0.4166666666666667,3,3,0,2000,20260927,case
task_length,niah_multi,8192,svdd_decision,full,followup,0.1,1.0,6,0.0,1.0,-1.0,-1.0,-1.0,0,0,6,2000,20260927,case
task_length,niah_multi,8192,svdd_decision,keydiff,followup,0.1,0.1,6,0.0,1.0,-1.0,-1.0,-1.0,0,0,6,2000,20260927,case
task_length,niah_multi,8192,svdd_decision,leverage,followup,0.1,0.1,6,0.0,0.8333333333333334,-0.8333333333333334,-1.0,-0.6666666666666666,0,0,6,2000,20260927,case
task_length,niah_multi,8192,svdd_decision,svdd,original_pilot,0.1,0.1,6,0.0,0.08333333333333333,-0.08333333333333333,-0.25,0.0,0,5,1,2000,20260927,case
task_length,niah_multi,8192,svdd_decision,full,followup,0.2,1.0,6,0.5833333333333334,1.0,-0.4166666666666667,-0.6666666666666666,-0.16666666666666666,0,2,4,2000,20260927,case
task_length,niah_multi,8192,svdd_decision,keydiff,followup,0.2,0.2,6,0.5833333333333334,1.0,-0.4166666666666667,-0.6666666666666666,-0.16666666666666666,0,2,4,2000,20260927,case
task_length,niah_multi,8192,svdd_decision,leverage,followup,0.2,0.2,6,0.5833333333333334,1.0,-0.4166666666666667,-0.6666666666666666,-0.16666666666666666,0,2,4,2000,20260927,case
task_length,niah_multi,8192,svdd_decision,svdd,original_pilot,0.2,0.2,6,0.5833333333333334,0.4166666666666667,0.16666666666666666,-0.16666666666666666,0.4166666666666667,3,2,1,2000,20260927,case
task_length,niah_multi,8192,svdd_decision,full,followup,0.5,1.0,6,1.0,1.0,0.0,0.0,0.0,0,6,0,2000,20260927,case
task_length,niah_multi,8192,svdd_decision,keydiff,followup,0.5,0.5,6,1.0,1.0,0.0,0.0,0.0,0,6,0,2000,20260927,case
task_length,niah_multi,8192,svdd_decision,leverage,followup,0.5,0.5,6,1.0,1.0,0.0,0.0,0.0,0,6,0,2000,20260927,case
task_length,niah_multi,8192,svdd_decision,svdd,original_pilot,0.5,0.5,6,1.0,0.5833333333333334,0.4166666666666667,0.25,0.5,5,1,0,2000,20260927,case
task_length,niah_single,16384,svdd_decision,full,followup,0.1,1.0,6,0.0,1.0,-1.0,-1.0,-1.0,0,0,6,2000,20260927,case
task_length,niah_single,16384,svdd_decision,keydiff,followup,0.1,0.1,6,0.0,1.0,-1.0,-1.0,-1.0,0,0,6,2000,20260927,case
task_length,niah_single,16384,svdd_decision,leverage,followup,0.1,0.1,6,0.0,1.0,-1.0,-1.0,-1.0,0,0,6,2000,20260927,case
task_length,niah_single,16384,svdd_decision,svdd,original_pilot,0.1,0.1,6,0.0,0.0,0.0,0.0,0.0,0,6,0,2000,20260927,case
task_length,niah_single,16384,svdd_decision,full,followup,0.2,1.0,6,0.16666666666666666,1.0,-0.8333333333333334,-1.0,-0.5,0,1,5,2000,20260927,case
task_length,niah_single,16384,svdd_decision,keydiff,followup,0.2,0.2,6,0.16666666666666666,1.0,-0.8333333333333334,-1.0,-0.5,0,1,5,2000,20260927,case
task_length,niah_single,16384,svdd_decision,leverage,followup,0.2,0.2,6,0.16666666666666666,1.0,-0.8333333333333334,-1.0,-0.5,0,1,5,2000,20260927,case
task_length,niah_single,16384,svdd_decision,svdd,original_pilot,0.2,0.2,6,0.16666666666666666,0.16666666666666666,0.0,0.0,0.0,0,6,0,2000,20260927,case
task_length,niah_single,16384,svdd_decision,full,followup,0.5,1.0,6,1.0,1.0,0.0,0.0,0.0,0,6,0,2000,20260927,case
task_length,niah_single,16384,svdd_decision,keydiff,followup,0.5,0.5,6,1.0,1.0,0.0,0.0,0.0,0,6,0,2000,20260927,case
task_length,niah_single,16384,svdd_decision,leverage,followup,0.5,0.5,6,1.0,1.0,0.0,0.0,0.0,0,6,0,2000,20260927,case
task_length,niah_single,16384,svdd_decision,svdd,original_pilot,0.5,0.5,6,1.0,0.5,0.5,0.16666666666666666,0.8333333333333334,3,3,0,2000,20260927,case
task_length,niah_single,32768,svdd_decision,full,followup,0.1,1.0,6,0.3333333333333333,1.0,-0.6666666666666666,-1.0,-0.3333333333333333,0,2,4,2000,20260927,case
task_length,niah_single,32768,svdd_decision,keydiff,followup,0.1,0.1,6,0.3333333333333333,1.0,-0.6666666666666666,-1.0,-0.3333333333333333,0,2,4,2000,20260927,case
task_length,niah_single,32768,svdd_decision,leverage,followup,0.1,0.1,6,0.3333333333333333,1.0,-0.6666666666666666,-1.0,-0.3333333333333333,0,2,4,2000,20260927,case
task_length,niah_single,32768,svdd_decision,svdd,original_pilot,0.1,0.1,6,0.3333333333333333,0.0,0.3333333333333333,0.0,0.6666666666666666,2,4,0,2000,20260927,case
task_length,niah_single,32768,svdd_decision,full,followup,0.2,1.0,6,0.5,1.0,-0.5,-0.8333333333333334,-0.16666666666666666,0,3,3,2000,20260927,case
task_length,niah_single,32768,svdd_decision,keydiff,followup,0.2,0.2,6,0.5,1.0,-0.5,-0.8333333333333334,-0.16666666666666666,0,3,3,2000,20260927,case
task_length,niah_single,32768,svdd_decision,leverage,followup,0.2,0.2,6,0.5,1.0,-0.5,-0.8333333333333334,-0.16666666666666666,0,3,3,2000,20260927,case
task_length,niah_single,32768,svdd_decision,svdd,original_pilot,0.2,0.2,6,0.5,0.3333333333333333,0.16666666666666666,0.0,0.5,1,5,0,2000,20260927,case
task_length,niah_single,32768,svdd_decision,full,followup,0.5,1.0,6,1.0,1.0,0.0,0.0,0.0,0,6,0,2000,20260927,case
task_length,niah_single,32768,svdd_decision,keydiff,followup,0.5,0.5,6,1.0,1.0,0.0,0.0,0.0,0,6,0,2000,20260927,case
task_length,niah_single,32768,svdd_decision,leverage,followup,0.5,0.5,6,1.0,1.0,0.0,0.0,0.0,0,6,0,2000,20260927,case
task_length,niah_single,32768,svdd_decision,svdd,original_pilot,0.5,0.5,6,1.0,0.6666666666666666,0.3333333333333333,0.0,0.6666666666666666,2,4,0,2000,20260927,case
task_length,niah_single,8192,svdd_decision,full,followup,0.1,1.0,6,0.0,1.0,-1.0,-1.0,-1.0,0,0,6,2000,20260927,case
task_length,niah_single,8192,svdd_decision,keydiff,followup,0.1,0.1,6,0.0,1.0,-1.0,-1.0,-1.0,0,0,6,2000,20260927,case
task_length,niah_single,8192,svdd_decision,leverage,followup,0.1,0.1,6,0.0,1.0,-1.0,-1.0,-1.0,0,0,6,2000,20260927,case
task_length,niah_single,8192,svdd_decision,svdd,original_pilot,0.1,0.1,6,0.0,0.0,0.0,0.0,0.0,0,6,0,2000,20260927,case
task_length,niah_single,8192,svdd_decision,full,followup,0.2,1.0,6,0.3333333333333333,1.0,-0.6666666666666666,-1.0,-0.3333333333333333,0,2,4,2000,20260927,case
task_length,niah_single,8192,svdd_decision,keydiff,followup,0.2,0.2,6,0.3333333333333333,1.0,-0.6666666666666666,-1.0,-0.3333333333333333,0,2,4,2000,20260927,case
task_length,niah_single,8192,svdd_decision,leverage,followup,0.2,0.2,6,0.3333333333333333,1.0,-0.6666666666666666,-1.0,-0.3333333333333333,0,2,4,2000,20260927,case
task_length,niah_single,8192,svdd_decision,svdd,original_pilot,0.2,0.2,6,0.3333333333333333,0.16666666666666666,0.16666666666666666,0.0,0.5,1,5,0,2000,20260927,case
task_length,niah_single,8192,svdd_decision,full,followup,0.5,1.0,6,1.0,1.0,0.0,0.0,0.0,0,6,0,2000,20260927,case
task_length,niah_single,8192,svdd_decision,keydiff,followup,0.5,0.5,6,1.0,1.0,0.0,0.0,0.0,0,6,0,2000,20260927,case
task_length,niah_single,8192,svdd_decision,leverage,followup,0.5,0.5,6,1.0,1.0,0.0,0.0,0.0,0,6,0,2000,20260927,case
task_length,niah_single,8192,svdd_decision,svdd,original_pilot,0.5,0.5,6,1.0,0.3333333333333333,0.6666666666666666,0.3333333333333333,1.0,4,2,0,2000,20260927,case
