method,budget_fraction,actual_retained_fraction,case_id,nominal_length,prefix_tokens,suffix_tokens,filename,baseline_active_mlx_bytes,postrelease_active_mlx_bytes,postrelease_active_above_baseline_bytes,logical_kv_payload_bytes,reserved_kv_capacity_bytes,unused_kv_reserve_bytes,peak_active_mlx_including_prefill_bytes,postrelease_process_rss_bytes,postdecode_process_rss_bytes,peak_process_rss_lifetime_bytes,prefill_s,selection_and_compaction_s,selected_cache_reserve_allocation_s,selection_construction_total_s,key_transfer_s,score_s,suffix_ttft_s,fixed_decode_s,fixed_decode_forwards_per_s,total_prefill_selection_suffix_decode_s,repeat
full,1.0,1.0,niah_single_32768_s17_d0.1,32768,32512,24,full_r0.json,4287507464,6155545608,1868038144,1864368128,1867579392,3211264,6556626140,4586274816,4586586112,4617863168,29.47975833300734,7.458002073690295e-06,0.0,7.458002073690295e-06,0.0,0.0,0.16788116699899547,0.4513897089927923,70.89217889216648,30.0990366670012,0
full,1.0,1.0,niah_single_32768_s17_d0.1,32768,32512,24,full_r1.json,4287507464,6155545608,1868038144,1864368128,1867579392,3211264,6556626140,4585930752,4586160128,4617617408,29.561267249984667,7.332972018048167e-06,0.0,7.332972018048167e-06,0.0,0.0,0.16763233300298452,0.44834583398187533,71.37347461400438,30.177252749941545,1
keydiff,0.2,0.1999876968503937,niah_single_32768_s17_d0.1,32768,32512,24,keydiff_r0.json,4287507464,4663684104,376176640,372850688,376061952,3211264,6905146380,5200609280,5134270464,5200822272,29.6488099169801,1.3150658340018708,0.019226333999540657,1.3342921680014115,0.06001974898390472,0.9676289999624714,0.06529550001141615,0.31482666698866524,101.64323215082699,31.363224251981592,0
keydiff,0.2,0.1999876968503937,niah_single_32768_s17_d0.1,32768,32512,24,keydiff_r1.json,4287507464,4663684104,376176640,372850688,376061952,3211264,6905146380,5202640896,5136318464,5202853888,29.500590584008023,1.3044287079828791,0.019782207993557677,1.3242109159764368,0.05844679396250285,0.9604278339829762,0.07107645898940973,0.31199120901874267,102.56699251445133,31.207869167992612,1
leverage,0.2,0.1999876968503937,niah_single_32768_s17_d0.1,32768,32512,24,leverage_r0.json,4287507464,4663684104,376176640,372850688,376061952,3211264,6905146380,5062787072,4996464640,5063000064,29.639641750021838,1.9056110419915058,0.02013662501121871,1.9257476670027245,0.06239783484488726,1.5413787510769907,0.07111308397725224,0.31562137498985976,101.38730306535193,31.952123875991674,0
leverage,0.2,0.1999876968503937,niah_single_32768_s17_d0.1,32768,32512,24,leverage_r1.json,4287507464,4663684104,376176640,372850688,376061952,3211264,6905146380,5063606272,4997611520,5063819264,29.462432833999628,1.9186678330006544,0.020559625001624227,1.9392274580022786,0.06862358408397995,1.5364064130408224,0.07206804197630845,0.3164438340172637,101.1237905752786,31.79017216799548,1
snapkv,0.2,0.1999876968503937,niah_single_32768_s17_d0.1,32768,32512,24,snapkv_r0.json,4287507464,4663684104,376176640,372850688,376061952,3211264,6917991436,4609818624,4610048000,4619501568,29.471241124992957,0.4027141670230776,0.01689737499691546,0.41961154201999307,0.0,0.1782940000121016,0.05800887499935925,0.3170273330179043,100.93766898702322,30.265888875030214,0
snapkv,0.2,0.1999876968503937,niah_single_32768_s17_d0.1,32768,32512,24,snapkv_r1.json,4287507464,4663684104,376176640,372850688,376061952,3211264,6917991436,4606820352,4607098880,4616470528,29.607532333000563,0.40077616699272767,0.015988458006177098,0.41676462499890476,0.0,0.17782375001115724,0.0581405840057414,0.3138790419907309,101.95010089569786,30.39631658399594,1
streaming,0.2,0.1999876968503937,niah_single_32768_s17_d0.1,32768,32512,24,streaming_r0.json,4287507464,4663684104,376176640,372850688,376061952,3211264,6905146380,4586684416,4586930176,4618108928,29.454307874984806,0.017255042010219768,0.015288666007108986,0.032543708017328754,0.0,0.0,0.05831166700227186,0.3146306670096237,101.7065510623642,29.85979391701403,0
streaming,0.2,0.1999876968503937,niah_single_32768_s17_d0.1,32768,32512,24,streaming_r1.json,4287507464,4663684104,376176640,372850688,376061952,3211264,6905146380,4590321664,4590616576,4621058048,29.5319114169979,0.017364750005071983,0.015598874975694343,0.032963624980766326,0.0,0.0,0.05840800001169555,0.31593033400713466,101.28815297386842,29.939213375997497,1
svdd_prerope,0.2,0.1999876968503937,niah_single_32768_s17_d0.1,32768,32512,24,svdd_prerope_r0.json,4287507464,4663684104,376176640,372850688,376061952,3211264,6905146380,5408669696,5342511104,5408882688,29.460581833001925,10.354175458021928,0.021860666980501264,10.376036125002429,0.06761387409642339,10.133506830898114,0.06993004100513645,0.31570287499926053,101.36112951164905,40.22225087400875,0
svdd_prerope,0.2,0.1999876968503937,niah_single_32768_s17_d0.1,32768,32512,24,svdd_prerope_r1.json,4287507464,4663684104,376176640,372850688,376061952,3211264,6905146380,5400002560,5334073344,5400231936,29.451766624988522,10.198658125009388,0.02103149998583831,10.219689624995226,0.0690795399423223,9.974468462984078,0.06853145800414495,0.31643950002035126,101.12517557998282,40.056427208008245,1
svdd,0.2,0.1999876968503937,niah_single_32768_s17_d0.1,32768,32512,24,svdd_r0.json,4287507464,4663684104,376176640,372850688,376061952,3211264,6905146380,5153275904,5087117312,5153488896,29.578677749988856,9.759430250007426,0.022539875004440546,9.781970125011867,0.06792250499711372,9.536121003970038,0.0691147499892395,0.31564233399694785,101.38057083404227,39.74540495898691,0
svdd,0.2,0.1999876968503937,niah_single_32768_s17_d0.1,32768,32512,24,svdd_r1.json,4287507464,4663684104,376176640,372850688,376061952,3211264,6905146380,5159485440,5093343232,5159698432,29.57189095800277,9.993553834006889,0.020584500016411766,10.0141383340233,0.06578353903023526,9.764336376916617,0.0678933750023134,0.31293149999692105,102.25880104851973,39.9668541670253,1
