task,method,metric,n,mean,ci_low,ci_high,svdd_minus_method,paired_ci_low,paired_ci_high
synthetic,svdd,recall_rare,60,0.8611111111111112,0.825,0.8944444444444445,0.0,0.0,0.0
synthetic,svdd,recall_all,60,0.9291666666666666,0.9111111111111111,0.9458333333333333,0.0,0.0,0.0
synthetic,svdd,rare_group_coverage,60,1.0,1.0,1.0,0.0,0.0,0.0
synthetic,svdd,all_group_coverage,60,1.0,1.0,1.0,0.0,0.0,0.0
synthetic,mass_oracle,recall_rare,60,0.3194444444444445,0.2638888888888889,0.375,0.5416666666666666,0.4861111111111112,0.5972222222222222
synthetic,mass_oracle,recall_all,60,0.5708333333333333,0.5319444444444444,0.611111111111111,0.35833333333333334,0.32083333333333325,0.3958680555555551
synthetic,mass_oracle,rare_group_coverage,60,0.5611111111111111,0.5027777777777778,0.6194444444444444,0.43888888888888894,0.3805555555555556,0.4972222222222223
synthetic,mass_oracle,all_group_coverage,60,0.6916666666666665,0.6541666666666667,0.7291666666666667,0.3083333333333333,0.27083333333333326,0.3458333333333333
synthetic,mass_warm,recall_rare,60,0.31666666666666665,0.25833333333333336,0.37499999999999994,0.5444444444444444,0.48888888888888893,0.6000000000000001
synthetic,mass_warm,recall_all,60,0.5708333333333333,0.5319444444444444,0.6097222222222223,0.35833333333333334,0.32218749999999996,0.3958333333333333
synthetic,mass_warm,rare_group_coverage,60,0.5638888888888889,0.5083333333333333,0.6194444444444444,0.43611111111111106,0.38055555555555565,0.49166666666666675
synthetic,mass_warm,all_group_coverage,60,0.6944444444444444,0.6569444444444446,0.7305555555555556,0.3055555555555555,0.26944444444444443,0.3430555555555555
synthetic,recency,recall_rare,60,0.0,0.0,0.0,0.8611111111111112,0.825,0.8944444444444445
synthetic,recency,recall_all,60,0.336111111111111,0.3333333333333332,0.34027777777777773,0.5930555555555554,0.5736111111111111,0.611111111111111
synthetic,recency,rare_group_coverage,60,0.0,0.0,0.0,1.0,1.0,1.0
synthetic,recency,all_group_coverage,60,0.336111111111111,0.3333333333333332,0.34027777777777773,0.6638888888888889,0.6597222222222221,0.6666666666666666
synthetic,random,recall_rare,60,0.4722222222222222,0.43055555555555547,0.5166666666666666,0.388888888888889,0.34444444444444444,0.4333333333333334
synthetic,random,recall_all,60,0.7333333333333333,0.7111111111111111,0.7555555555555556,0.19583333333333333,0.17499999999999996,0.21805555555555553
synthetic,random,rare_group_coverage,60,0.5777777777777777,0.5305555555555556,0.6222222222222221,0.4222222222222222,0.3777777777777778,0.46944444444444444
synthetic,random,all_group_coverage,60,0.788888888888889,0.7652777777777778,0.8111111111111111,0.2111111111111111,0.18888888888888886,0.2347222222222222
synthetic,full,recall_rare,60,0.7222222222222222,0.6805555555555557,0.7611111111111112,0.13888888888888887,0.10000000000000002,0.18055555555555555
synthetic,full,recall_all,60,0.861111111111111,0.840277777777778,0.8805555555555556,0.06805555555555554,0.0486111111111111,0.08888888888888886
synthetic,full,rare_group_coverage,60,1.0,1.0,1.0,0.0,0.0,0.0
synthetic,full,all_group_coverage,60,1.0,1.0,1.0,0.0,0.0,0.0
synthetic,keydiff,recall_rare,60,0.6638888888888889,0.611111111111111,0.7166666666666666,0.19722222222222227,0.15555555555555553,0.24166666666666667
synthetic,keydiff,recall_all,60,0.6666666666666666,0.6375,0.6958333333333334,0.26249999999999996,0.23749999999999996,0.2875
synthetic,keydiff,rare_group_coverage,60,0.7833333333333333,0.7388888888888889,0.8250000000000001,0.21666666666666667,0.17499999999999996,0.2611111111111111
synthetic,keydiff,all_group_coverage,60,0.7305555555555556,0.7069444444444444,0.7555555555555554,0.2694444444444445,0.24444444444444446,0.29305555555555557
synthetic,linear_leverage,recall_rare,60,0.6944444444444444,0.6416666666666667,0.7472222222222222,0.16666666666666669,0.11388888888888889,0.2222222222222222
synthetic,linear_leverage,recall_all,60,0.7319444444444444,0.7055555555555556,0.7583333333333332,0.19722222222222222,0.17083333333333334,0.2236111111111111
synthetic,linear_leverage,rare_group_coverage,60,0.7861111111111111,0.7333333333333336,0.8333333333333335,0.2138888888888889,0.16666666666666663,0.2666666666666666
synthetic,linear_leverage,all_group_coverage,60,0.7791666666666667,0.7513888888888889,0.8041666666666667,0.22083333333333333,0.19583333333333333,0.2486111111111111
synthetic,kernel_leverage,recall_rare,60,0.8361111111111114,0.8027777777777778,0.8694444444444446,0.025,0.00555555555555556,0.04444444444444444
synthetic,kernel_leverage,recall_all,60,0.9152777777777777,0.898611111111111,0.9319444444444444,0.013888888888888888,0.004166666666666668,0.023611111111111107
synthetic,kernel_leverage,rare_group_coverage,60,1.0,1.0,1.0,0.0,0.0,0.0
synthetic,kernel_leverage,all_group_coverage,60,1.0,1.0,1.0,0.0,0.0,0.0
clinical,svdd,retain,718,0.46437441152406944,0.4368048911824816,0.49236197692992,0.0,0.0,0.0
clinical,svdd,retrieval,718,0.4983044825559501,0.4702718184618723,0.5267606513827919,0.0,0.0,0.0
clinical,density,retain,718,0.22537539510281843,0.20168168090356006,0.24878934166914488,0.238999016421251,0.19438842837172288,0.2835287712453111
clinical,density,retrieval,718,0.2504442344681811,0.2256863645222897,0.275031386695915,0.24786024808776908,0.20221704825619755,0.293372124878012
clinical,recency,retain,718,0.4087777825522535,0.37949063067372035,0.4388382022870684,0.05559662897181594,0.015771752904278596,0.09641821537115058
clinical,recency,retrieval,718,0.42325248680050453,0.39320999683616586,0.4536661952836364,0.07505199575544567,0.03518996606833958,0.11625460154368042
clinical,random,retain,718,0.3326064163901312,0.3076035756229759,0.3579938148622706,0.13176799513393822,0.09424252960792417,0.17000140844816355
clinical,random,retrieval,718,0.39793588120244056,0.3703443074902825,0.4258007794757956,0.10036860135350953,0.061849206666608446,0.139361285957806
clinical,full,retain,718,1.0,1.0,1.0,-0.5356255884759306,-0.5631951088175184,-0.5076380230700801
clinical,full,retrieval,718,0.9981387830759485,0.9958453973517017,0.9997671557990581,-0.4998343005199984,-0.5281124829097235,-0.47111063684425863
clinical,keydiff,retain,718,0.4075573809994899,0.37981835283473586,0.43526978731196186,0.0568170305245796,0.0276384841861512,0.08719642309933093
clinical,keydiff,retrieval,718,0.4397328413803095,0.41116882276510264,0.4682815086153279,0.058571641175640614,0.02849248157049184,0.08969029828887227
clinical,linear_leverage,retain,718,0.4848967500980375,0.45737127237811104,0.5137199967910222,-0.020522338573967944,-0.041661787442093735,-8.221182088267287e-05
clinical,linear_leverage,retrieval,718,0.519183425327099,0.49104685697226874,0.5480043328089694,-0.020878942771148847,-0.04251017362394066,-4.370309942591578e-05
clinical,kernel_leverage,retain,718,0.47954681922604553,0.45207593651988537,0.506904036098879,-0.015172407701976165,-0.037696331218898003,0.007088294813267106
clinical,kernel_leverage,retrieval,718,0.5238775968193018,0.4956930798967186,0.5518087656311643,-0.02557311426335166,-0.04858920028979127,-0.002946509018895389
